province_code,year_be,has_actual_data,generated_ton_day,recycled_ton_day,disposed_correct_ton_day,disposed_incorrect_ton_day,residual_ton,pct_recycled,pct_disposed_correct,pct_disposed_incorrect,generated_million_ton_yr,recycled_million_ton_yr,disposed_correct_million_ton_yr,disposed_incorrect_million_ton_yr,residual_million_ton_yr
64,2556,True,518.22,107.15,4.29,406.78,79753.0,20.68,0.83,78.5,0.19,0.04,0.0,0.15,0.08
1,2556,True,11335.0,1410.0,9925.0,0.0,0.0,12.44,87.56,0.0,4.14,0.51,3.63,0.0,0.0
56,2556,True,839.53,115.72,17.89,705.92,1658387.35,13.78,2.13,84.09,0.31,0.04,0.01,0.26,1.66
34,2556,True,979.02,270.16,153.25,555.61,45369.65,27.59,15.65,56.75,0.36,0.1,0.06,0.2,0.04
49,2556,True,669.75,173.38,98.62,397.75,14095.44,25.89,14.72,59.39,0.24,0.06,0.04,0.14,0.01
28,2556,True,1912.21,608.23,199.28,1104.7,723691.68,31.81,10.42,57.77,0.7,0.22,0.08,0.4,0.72
13,2556,True,582.67,142.85,180.76,259.06,80115.0,24.52,31.02,44.46,0.21,0.05,0.07,0.09,0.08
15,2556,True,788.31,113.49,13.34,661.48,202753.2,14.4,1.69,83.91,0.29,0.04,0.01,0.24,0.2
11,2556,True,2349.89,318.72,1029.62,1001.55,501635.0,13.56,43.82,42.62,0.86,0.12,0.38,0.36,0.5
9,2556,True,329.97,90.35,56.4,183.22,346092.0,27.38,17.09,55.53,0.12,0.03,0.02,0.07,0.35
25,2556,True,1096.14,288.31,103.91,703.92,30101.1,26.3,9.48,64.22,0.4,0.11,0.04,0.25,0.03
69,2556,True,368.94,7.77,45.68,315.49,235008.75,2.11,12.38,85.51,0.13,0.0,0.02,0.11,0.24
72,2556,True,659.24,223.59,23.9,411.75,77919.39,33.92,3.63,62.46,0.24,0.08,0.01,0.15,0.08
14,2556,True,255.64,56.1,53.86,145.68,20895.0,21.94,21.07,56.99,0.09,0.02,0.02,0.05,0.02
50,2556,True,619.75,191.77,0.0,427.98,93560.7,30.94,0.0,69.06,0.23,0.07,0.0,0.16,0.1
17,2556,True,258.99,56.71,96.92,105.36,120520.0,21.9,37.42,40.68,0.09,0.02,0.03,0.04,0.12
58,2556,True,967.41,198.91,161.74,606.76,340585.0,20.56,16.72,62.72,0.35,0.07,0.06,0.22,0.34
36,2556,True,596.02,109.94,6.5,479.58,47703.21,18.45,1.09,80.46,0.22,0.04,0.0,0.18,0.05
19,2556,True,2692.49,279.98,513.69,1898.82,460002.38,10.4,19.08,70.52,0.98,0.1,0.19,0.69,0.46
63,2556,True,1042.01,15.78,22.7,1003.53,1265358.0,1.51,2.18,96.31,0.38,0.01,0.01,0.36,1.27
47,2556,True,1084.37,273.56,312.64,498.17,17190.0,25.23,28.83,45.94,0.4,0.11,0.11,0.18,0.02
3,2556,True,1541.73,320.38,1221.35,0.0,0.0,20.78,79.22,0.0,0.56,0.12,0.44,0.0,0.0
76,2556,True,711.07,255.04,36.81,449.22,79096.0,35.87,5.18,63.18,0.26,0.08,0.01,0.17,0.08
43,2556,True,444.57,152.53,70.07,221.97,28389.89,34.31,15.76,49.93,0.16,0.06,0.03,0.07,0.03
77,2556,True,354.13,112.78,38.59,202.76,18000.17,31.85,10.9,57.26,0.13,0.04,0.01,0.08,0.02
20,2556,True,1575.09,94.7,87.51,1392.88,124736.48,6.01,5.56,88.43,0.57,0.03,0.03,0.51,0.12
4,2556,True,1471.41,138.77,0.0,1332.64,121893.0,9.43,0.0,90.57,0.54,0.05,0.0,0.49,0.12
62,2556,True,595.52,111.91,121.36,362.25,546356.48,18.79,20.38,60.83,0.22,0.04,0.04,0.14,0.55
16,2556,True,538.69,82.9,5.0,450.79,556680.0,15.39,0.93,83.68,0.2,0.03,0.01,0.16,0.56
74,2556,True,619.56,212.72,0.0,406.84,67157.75,34.33,0.0,65.67,,,,,
5,2556,True,796.19,123.74,0.0,672.45,585717.9,15.54,0.0,84.46,0.29,0.05,0.0,0.24,0.58
44,2556,True,523.57,154.37,35.0,334.2,102030.3,29.48,6.68,63.83,0.19,0.06,0.01,0.12,0.1
65,2556,True,299.69,104.86,74.29,120.54,15826.2,34.99,24.79,40.22,0.11,0.04,0.03,0.04,0.01
73,2556,True,502.84,145.27,41.22,316.35,84577.5,28.89,8.2,62.91,0.18,0.05,0.02,0.11,0.1
53,2556,True,542.5,138.78,44.95,358.77,36957.0,25.58,8.29,66.13,0.2,0.05,0.02,0.13,0.04
52,2556,True,867.38,207.85,160.52,499.01,24376.0,23.96,18.51,57.53,0.32,0.08,0.06,0.18,0.02
66,2556,True,686.77,106.83,579.94,0.0,0.0,15.56,84.44,0.0,0.25,0.04,0.21,0.0,0.0
32,2556,True,959.97,179.58,65.13,715.26,66562.64,18.71,6.78,74.51,0.35,0.07,0.02,0.26,0.07
37,2556,True,320.21,58.96,78.8,182.45,61.29,18.41,24.61,56.98,0.12,0.02,0.03,0.07,0.0
75,2556,True,533.83,229.4,53.51,250.92,231029.4,42.97,10.02,47.0,0.19,0.08,0.02,0.09,0.23
24,2556,True,488.62,116.28,133.88,238.46,20252.52,23.8,27.4,48.8,0.18,0.04,0.05,0.09,0.02
68,2556,True,199.17,10.64,0.0,188.53,296992.2,5.34,0.0,94.66,0.07,0.0,0.0,0.07,0.3
12,2556,True,961.9,307.09,351.14,303.67,45150.0,31.93,36.5,31.57,0.35,0.11,0.13,0.11,0.04
55,2556,True,865.29,159.79,4.44,701.06,1000122.79,18.47,0.51,81.02,0.32,0.06,0.0,0.26,1.0
33,2556,True,1253.59,197.89,43.11,1012.59,91979.37,15.79,3.44,80.78,0.46,0.07,0.02,0.37,0.1
7,2556,True,774.71,149.99,46.18,578.54,352288.0,19.36,5.96,74.68,0.28,0.05,0.02,0.21,0.35
40,2556,True,815.36,156.77,150.72,507.87,395577.6,19.23,18.49,62.29,0.3,0.06,0.06,0.18,0.4
39,2556,True,397.17,90.11,133.24,173.82,731.76,22.69,33.55,43.76,0.14,0.03,0.05,0.06,0.0
22,2556,True,1353.17,56.76,107.06,1189.35,111469.2,4.19,7.91,87.89,0.49,0.02,0.04,0.43,0.11
35,2556,True,1039.84,184.61,163.26,691.97,21869.82,17.75,15.7,66.55,0.38,0.07,0.06,0.25,0.02
70,2556,True,1597.17,594.79,74.71,927.67,2471840.4,37.24,4.68,58.08,0.58,0.22,0.03,0.34,2.47
71,2556,True,291.37,103.96,64.36,123.05,95148.0,35.68,22.09,42.23,0.11,0.04,0.02,0.05,0.1
2,2556,True,1935.75,184.45,0.0,1751.3,2063448.0,9.53,0.0,90.47,0.71,0.07,0.0,0.64,2.06
60,2556,True,250.75,40.28,4.6,205.87,68130.9,16.06,1.83,82.1,0.09,0.01,0.0,0.08,0.07
59,2556,True,665.39,106.91,315.03,243.45,52950.0,16.07,47.35,36.59,0.24,0.04,0.11,0.09,0.05
10,2556,True,685.14,104.58,372.15,208.41,201720.0,15.26,54.32,30.42,0.25,0.04,0.14,0.07,0.2
18,2556,True,537.86,124.02,46.5,367.34,35175.0,23.06,8.65,68.3,0.2,0.05,0.02,0.13,0.03
8,2556,True,240.85,46.39,52.23,142.23,10327.5,19.26,21.69,59.05,0.09,0.02,0.02,0.05,0.01
57,2556,True,848.24,130.65,58.08,659.51,144922.5,15.4,6.85,77.75,0.31,0.05,0.02,0.24,0.14
67,2556,True,978.19,15.13,0.0,963.06,1003332.6,1.55,0.0,98.45,0.36,0.01,0.0,0.35,1.0
21,2556,True,1302.17,28.12,84.64,1189.41,72451.83,2.16,6.5,91.34,0.48,0.01,0.04,0.43,0.07
51,2556,True,582.8,102.39,91.97,388.44,184257.0,17.57,15.78,66.65,0.21,0.04,0.03,0.14,0.2
31,2556,True,494.35,170.72,152.58,171.05,17237.1,34.53,30.86,34.6,0.18,0.06,0.06,0.06,0.02
27,2556,True,495.7,168.75,42.49,284.46,29662.2,34.04,8.57,57.39,0.18,0.06,0.02,0.1,0.03
26,2556,True,348.18,83.96,60.65,203.57,16304.11,24.11,17.42,58.47,0.13,0.04,0.02,0.07,0.01
29,2556,True,1624.0,515.42,322.62,785.96,7249.1,31.74,19.87,48.4,0.59,0.19,0.12,0.28,0.01
41,2556,True,464.85,127.73,77.93,259.19,73163.0,27.48,16.76,55.76,0.17,0.05,0.03,0.09,0.07
48,2556,True,314.17,64.78,52.5,196.89,4252.8,20.62,16.71,62.67,0.11,0.02,0.02,0.07,0.0
23,2556,True,1716.43,365.88,408.41,942.14,314.49,21.32,23.79,54.89,0.63,0.14,0.15,0.34,0.0
6,2556,True,301.65,81.93,0.0,219.72,151581.0,27.16,0.0,72.84,0.11,0.03,0.0,0.08,0.15
45,2556,True,1192.19,237.44,402.95,551.8,3046.5,19.92,33.8,46.28,0.44,0.09,0.15,0.2,0.0
38,2556,True,1718.92,627.25,777.71,313.96,1429.32,36.49,45.24,18.26,0.63,0.24,0.28,0.11,0.0
61,2556,True,521.45,89.74,30.72,400.99,1173416.21,17.21,5.89,76.9,0.19,0.03,0.01,0.15,1.17
54,2556,True,903.04,166.28,105.48,631.28,297240.0,18.41,11.68,69.91,0.33,0.06,0.04,0.23,0.3
30,2556,True,651.89,224.41,3.5,423.98,10500.28,34.42,0.54,65.04,0.24,0.09,0.0,0.15,0.01
42,2556,True,493.91,143.79,0.0,350.12,365232.33,29.11,0.0,70.89,0.18,0.05,0.0,0.13,0.36
46,2556,True,219.45,82.69,44.09,92.67,153.6,37.68,20.09,42.23,0.08,0.03,0.02,0.03,0.0
64,2557,True,551.0,145.0,140.0,266.0,245819.54,26.32,25.41,48.28,0.2,0.05,0.05,0.1,0.24
1,2557,True,10800.0,1600.0,9200.0,0.0,0.0,14.81,85.19,0.0,3.94,0.58,3.36,0.0,0.0
56,2557,True,798.0,130.0,2.0,666.0,934598.0,16.29,0.25,83.46,,,,,
34,2557,True,957.0,296.0,89.0,572.0,56600.0,30.93,9.3,59.77,0.35,0.11,0.03,0.21,0.05
49,2557,True,712.0,160.0,170.0,382.0,10940.0,22.47,23.88,53.65,0.26,0.06,0.06,0.14,0.01
28,2557,True,1829.0,440.0,180.0,1209.0,767967.24,24.06,9.84,66.1,0.67,0.16,0.07,0.44,0.77
13,2557,True,590.0,140.0,189.0,261.0,80475.0,23.73,32.03,44.24,,,,,
15,2557,True,836.0,69.0,18.0,749.0,655033.0,8.25,2.15,89.59,0.31,0.03,0.01,0.27,0.65
11,2557,True,2398.0,155.0,1073.0,1170.0,591386.0,6.46,44.75,48.79,0.88,0.06,0.39,0.43,0.6
9,2557,True,361.0,26.0,3.0,332.0,226764.69,7.2,0.83,91.97,0.13,0.01,0.0,0.12,0.23
25,2557,True,1072.0,244.0,94.0,734.0,64966.15,22.76,8.77,68.47,0.39,0.09,0.03,0.27,0.06
69,2557,True,370.0,10.0,36.0,324.0,116491.05,2.7,9.73,87.57,0.14,0.0,0.01,0.13,0.12
72,2557,True,716.0,286.0,21.0,409.0,212719.2,39.94,2.93,57.12,0.26,0.1,0.01,0.15,0.21
14,2557,True,245.0,40.0,78.0,127.0,19455.0,16.33,31.84,51.84,0.09,0.01,0.03,0.05,0.02
50,2557,True,672.0,142.0,31.0,499.0,126195.75,21.13,4.61,74.26,0.25,0.05,0.01,0.19,0.13
17,2557,True,252.0,57.0,91.0,104.0,134833.62,22.62,36.11,41.27,0.09,0.02,0.03,0.04,0.13
58,2557,True,971.0,167.0,484.0,320.0,353105.0,17.2,49.85,32.96,0.35,0.06,0.18,0.11,0.35
36,2557,True,641.0,162.0,19.0,460.0,51588.93,25.27,2.96,71.76,0.23,0.06,0.01,0.16,0.05
19,2557,True,2264.0,70.0,349.0,1845.0,760825.0,3.09,15.42,81.49,0.83,0.03,0.13,0.67,0.76
63,2557,True,1085.0,55.0,23.0,1007.0,1047357.6,5.07,2.12,92.81,0.4,0.02,0.01,0.37,1.05
47,2557,True,1108.0,250.0,316.0,542.0,27589.5,22.56,28.52,48.92,0.4,0.09,0.12,0.19,0.03
3,2557,True,1617.0,338.0,1279.0,0.0,0.0,20.9,79.1,0.0,0.59,0.12,0.47,0.0,0.0
76,2557,True,736.0,255.0,108.0,373.0,31809.15,34.65,14.67,50.68,0.27,0.09,0.04,0.14,0.03
43,2557,True,449.0,125.0,40.0,284.0,9477.63,27.84,8.91,63.25,0.16,0.05,0.01,0.1,0.01
77,2557,True,341.0,113.0,50.0,178.0,12446.22,33.14,14.66,52.2,0.12,0.04,0.02,0.06,0.01
20,2557,True,1553.0,155.0,68.0,1330.0,58323.53,9.98,4.38,85.64,0.57,0.06,0.02,0.49,0.06
4,2557,True,1486.0,100.0,0.0,1386.0,167008.5,6.73,0.0,93.27,0.54,0.04,0.0,0.5,0.17
62,2557,True,592.0,118.0,117.0,357.0,440792.0,19.93,19.76,60.3,0.22,0.04,0.04,0.14,0.44
16,2557,True,437.0,20.0,10.0,407.0,552678.52,4.58,2.29,93.14,0.16,0.01,0.0,0.15,0.55
74,2557,True,631.0,233.0,70.0,328.0,11964.0,36.93,11.09,51.98,0.23,0.09,0.03,0.11,0.01
5,2557,True,1135.0,178.0,0.0,957.0,780031.2,15.68,0.0,84.32,0.41,0.06,0.0,0.35,0.78
44,2557,True,480.0,122.0,22.0,336.0,37605.9,25.42,4.58,70.0,0.18,0.04,0.01,0.13,0.04
65,2557,True,319.0,120.0,77.0,122.0,179362.88,37.62,24.14,38.24,0.12,0.04,0.03,0.05,0.18
73,2557,True,518.0,181.0,69.0,268.0,35377.26,34.94,13.32,51.74,0.19,0.07,0.03,0.09,0.03
53,2557,True,543.0,105.0,74.0,364.0,36957.0,19.34,13.63,67.03,0.2,0.04,0.03,0.13,0.04
52,2557,True,867.0,208.0,183.0,476.0,10636.0,23.99,21.11,54.9,0.32,0.08,0.07,0.17,0.01
66,2557,True,714.0,96.0,618.0,0.0,0.0,13.45,86.55,0.0,0.26,0.04,0.22,0.0,0.0
32,2557,True,894.0,216.0,36.0,642.0,92843.0,24.16,4.03,71.81,0.33,0.08,0.01,0.24,0.09
37,2557,True,180.0,10.0,70.0,100.0,38301.0,5.56,38.89,55.56,0.07,0.0,0.03,0.04,0.04
75,2557,True,541.0,250.0,176.0,115.0,46654.43,46.21,32.53,21.26,0.2,0.09,0.06,0.05,0.05
24,2557,True,245.0,16.0,60.0,169.0,65385.65,6.53,24.49,68.98,0.09,0.01,0.02,0.06,0.06
68,2557,True,196.0,10.0,0.0,186.0,26003.4,5.1,0.0,94.9,0.07,0.0,0.0,0.07,0.03
12,2557,True,942.0,132.0,467.0,343.0,43020.0,14.01,49.58,36.41,0.34,0.05,0.17,0.12,0.04
55,2557,True,840.0,160.0,31.0,649.0,464064.0,19.05,3.69,77.26,0.31,0.06,0.01,0.24,0.46
33,2557,True,913.0,40.0,0.0,873.0,217656.0,4.38,0.0,95.62,0.33,0.01,0.0,0.32,0.22
7,2557,True,795.0,130.0,47.0,618.0,356608.0,16.35,5.91,77.74,0.29,0.05,0.02,0.22,0.36
40,2557,True,843.0,160.0,226.0,457.0,70206.0,18.98,26.81,54.21,0.31,0.06,0.08,0.17,0.07
39,2557,True,386.0,96.0,142.0,148.0,902.25,24.87,36.79,38.34,0.14,0.04,0.05,0.05,0.0
22,2557,True,1361.0,120.0,116.0,1125.0,117784.2,8.82,8.52,82.66,0.5,0.04,0.04,0.42,0.12
35,2557,True,1078.0,250.0,160.0,668.0,24773.55,23.19,14.84,61.97,0.39,0.09,0.06,0.24,0.02
70,2557,True,1604.0,600.0,550.0,454.0,100945.2,37.41,34.29,28.3,0.59,0.22,0.2,0.17,0.1
71,2557,True,301.0,130.0,60.0,111.0,24894.0,43.19,19.93,36.88,0.11,0.05,0.02,0.04,0.02
2,2557,True,2025.0,300.0,0.0,1725.0,2001960.0,14.81,0.0,85.19,0.74,0.11,0.0,0.63,2.0
60,2557,True,221.0,60.0,5.0,156.0,1800.0,27.15,2.26,70.59,0.08,0.02,0.0,0.06,0.0
59,2557,True,890.0,140.0,690.0,60.0,52950.0,15.73,77.53,6.74,0.32,0.05,0.25,0.02,0.05
10,2557,True,624.0,10.0,370.0,244.0,191156.18,1.6,59.29,39.1,0.23,0.0,0.14,0.09,0.2
18,2557,True,525.0,130.0,44.0,351.0,92320.0,24.76,8.38,66.86,0.19,0.05,0.02,0.12,0.09
8,2557,True,221.0,45.0,0.0,176.0,24093.0,20.36,0.0,79.64,0.08,0.02,0.0,0.06,0.02
57,2557,True,865.0,140.0,150.0,575.0,144922.5,16.18,17.34,66.47,0.32,0.05,0.05,0.22,0.14
67,2557,True,1061.0,100.0,0.0,961.0,319493.55,9.43,0.0,90.57,0.39,0.04,0.0,0.35,0.32
21,2557,True,1304.0,40.0,70.0,1194.0,50219.46,3.07,5.37,91.56,0.48,0.01,0.03,0.44,0.05
51,2557,True,576.0,120.0,160.0,296.0,93606.0,20.83,27.78,51.39,0.21,0.04,0.06,0.11,0.09
31,2557,True,495.0,225.0,190.0,80.0,17237.1,45.45,38.38,16.16,0.18,0.08,0.07,0.03,0.02
27,2557,True,487.0,195.0,70.0,222.0,36025.2,40.04,14.37,45.59,0.18,0.07,0.03,0.08,0.04
26,2557,True,270.0,20.0,90.0,160.0,44827.5,7.41,33.33,59.26,0.1,0.01,0.03,0.06,0.04
29,2557,True,1622.0,600.0,390.0,632.0,12829.25,36.99,24.04,38.96,0.59,0.22,0.14,0.23,0.01
41,2557,True,467.0,15.0,90.0,362.0,23218.0,3.21,19.27,77.52,0.17,0.01,0.03,0.13,0.02
48,2557,True,316.0,60.0,56.0,200.0,4293.0,18.99,17.72,63.29,0.12,0.02,0.02,0.08,0.0
23,2557,True,1180.0,95.0,355.0,730.0,106065.6,8.05,30.08,61.86,0.43,0.03,0.13,0.27,0.1
6,2557,True,280.0,50.0,0.0,230.0,98550.9,17.86,0.0,82.14,0.1,0.02,0.0,0.08,0.1
45,2557,True,1133.0,270.0,300.0,563.0,13994.7,23.83,26.48,49.69,0.41,0.1,0.11,0.2,0.01
38,2557,True,1698.0,650.0,670.0,378.0,22258.53,38.28,39.46,22.26,0.62,0.24,0.24,0.14,0.02
61,2557,True,531.0,115.0,32.0,384.0,682937.5,21.66,6.03,72.32,0.19,0.04,0.01,0.14,0.68
54,2557,True,984.0,50.0,140.0,794.0,206863.0,5.08,14.23,80.69,0.36,0.02,0.05,0.29,0.2
30,2557,True,577.0,185.0,110.0,282.0,11909.75,32.06,19.06,48.87,0.21,0.07,0.04,0.1,0.01
42,2557,True,438.0,80.0,40.0,318.0,5727.0,18.26,9.13,72.6,0.16,0.03,0.01,0.12,0.0
46,2557,True,211.0,80.0,36.0,95.0,1351.56,37.91,17.06,45.02,0.08,0.03,0.01,0.04,0.0
64,2558,True,557.0,130.0,143.0,284.0,192146.0,23.34,25.67,50.99,0.2,0.05,0.05,0.1,0.19
1,2558,True,11500.0,1310.0,10190.0,0.0,0.0,11.39,88.61,0.0,4.2,0.48,3.72,0.0,0.0
56,2558,True,686.0,23.0,22.0,641.0,463475.72,3.35,3.21,93.44,0.25,0.01,0.01,0.23,0.46
34,2558,True,983.0,350.0,83.0,550.0,29502.0,35.61,8.44,55.95,0.36,0.13,0.03,0.2,0.03
49,2558,True,703.0,152.0,245.0,306.0,1704.0,21.62,34.85,43.53,0.26,0.06,0.09,0.11,0.0
28,2558,True,1870.0,500.0,136.0,1234.0,754904.0,26.74,7.27,65.99,0.68,0.18,0.05,0.45,0.75
13,2558,True,605.0,60.0,216.0,329.0,77105.0,9.92,35.7,54.38,0.22,0.02,0.08,0.12,0.08
15,2558,True,862.0,100.0,17.6,744.4,261500.0,11.6,2.04,86.36,0.31,0.04,0.01,0.26,0.26
11,2558,True,2487.0,218.0,1058.0,1211.0,314770.0,8.77,42.54,48.69,0.91,0.08,0.39,0.44,0.31
9,2558,True,360.0,150.0,75.0,135.0,132590.41,41.67,20.83,37.5,0.13,0.05,0.03,0.05,0.13
25,2558,True,1087.0,300.0,10.0,777.0,84010.0,27.6,0.92,71.48,0.4,0.11,0.0,0.29,0.08
69,2558,True,365.0,8.0,29.0,328.0,122007.3,2.19,7.95,89.86,0.13,0.0,0.01,0.12,0.12
72,2558,True,665.0,250.0,21.0,394.0,163080.0,37.59,3.16,59.25,0.24,0.09,0.01,0.14,0.16
14,2558,True,268.0,51.0,82.0,135.0,80247.0,19.03,30.6,50.37,0.1,0.02,0.03,0.05,0.08
50,2558,True,640.0,135.0,28.0,477.0,126195.75,21.09,4.38,74.53,0.23,0.05,0.01,0.17,0.13
17,2558,True,256.0,55.0,93.0,108.0,35522.0,21.48,36.33,42.19,0.09,0.02,0.03,0.04,0.03
58,2558,True,1080.0,168.0,576.0,336.0,131342.54,15.56,53.33,31.11,0.39,0.06,0.21,0.12,0.13
36,2558,True,673.0,250.0,28.0,395.0,99904.29,37.15,4.16,58.69,0.25,0.09,0.01,0.15,0.1
19,2558,True,2294.0,120.0,393.0,1781.0,521833.6,5.23,17.13,77.64,0.84,0.04,0.14,0.66,0.52
63,2558,True,1097.0,64.0,24.0,1009.0,1114591.2,5.83,2.19,91.98,0.4,0.02,0.01,0.37,1.11
47,2558,True,1131.0,250.0,334.0,547.0,18942.0,22.1,29.53,48.36,0.41,0.09,0.12,0.2,0.01
3,2558,True,1624.0,324.0,1300.0,0.0,0.0,19.95,80.05,0.0,0.59,0.12,0.47,0.0,0.0
76,2558,True,851.0,380.0,119.0,352.0,53739.6,44.65,13.98,41.36,0.31,0.14,0.04,0.13,0.05
43,2558,True,453.0,125.0,40.0,288.0,10475.0,27.59,8.83,63.58,0.17,0.05,0.01,0.11,0.01
77,2558,True,397.0,165.0,27.0,205.0,13785.06,41.56,6.8,51.64,0.14,0.06,0.01,0.07,0.01
20,2558,True,1559.0,160.0,69.0,1330.0,57873.53,10.26,4.43,85.31,0.57,0.06,0.03,0.48,0.06
4,2558,True,1591.0,190.0,220.0,1181.0,116296.0,11.94,13.83,74.23,0.58,0.07,0.08,0.43,0.12
62,2558,True,533.0,55.0,126.0,352.0,257445.0,10.32,23.64,66.04,0.19,0.02,0.05,0.12,0.26
16,2558,True,459.0,20.0,7.0,432.0,318962.0,4.36,1.53,94.12,0.17,0.01,0.0,0.16,0.32
74,2558,True,640.0,208.0,129.0,303.0,96991.2,32.5,20.16,47.34,0.23,0.08,0.05,0.1,0.1
5,2558,True,1148.0,191.0,0.0,957.0,486714.0,16.64,0.0,83.36,0.42,0.07,0.0,0.35,0.49
44,2558,True,495.0,133.0,22.0,340.0,20400.0,26.87,4.44,68.69,0.18,0.05,0.01,0.12,0.02
65,2558,True,301.0,87.0,79.0,135.0,194289.74,28.9,26.25,44.85,0.11,0.03,0.03,0.05,0.19
73,2558,True,523.0,185.0,70.0,268.0,48430.59,35.37,13.38,51.24,0.19,0.07,0.03,0.09,0.05
53,2558,True,542.0,102.0,74.0,366.0,36957.0,18.82,13.65,67.53,0.2,0.04,0.03,0.13,0.04
52,2558,True,927.0,230.0,191.0,506.0,21016.0,24.81,20.6,54.58,0.34,0.08,0.07,0.19,0.02
66,2558,True,744.0,101.0,633.0,10.0,0.0,13.58,85.08,1.34,0.27,0.04,0.23,0.0,0.0
32,2558,True,908.0,250.0,23.0,635.0,138688.0,27.53,2.53,69.93,0.33,0.09,0.01,0.23,0.14
37,2558,True,179.0,9.0,69.0,101.0,38301.0,5.03,38.55,56.42,0.07,0.0,0.03,0.04,0.04
75,2558,True,549.0,260.0,186.0,103.0,14718.0,47.36,33.88,18.76,0.2,0.09,0.07,0.04,0.01
24,2558,True,241.0,15.0,52.0,174.0,41790.65,6.22,21.58,72.2,0.09,0.01,0.02,0.06,0.04
68,2558,True,199.0,11.0,0.0,188.0,26003.4,5.53,0.0,94.47,0.07,0.0,0.0,0.07,0.02
12,2558,True,973.0,170.0,445.0,358.0,35640.0,17.47,45.73,36.79,0.36,0.06,0.16,0.14,0.03
55,2558,True,805.0,50.0,30.0,725.0,375099.16,6.21,3.73,90.06,0.29,0.02,0.01,0.26,0.37
33,2558,True,909.0,35.0,0.0,874.0,176522.02,3.85,0.0,96.15,0.33,0.01,0.0,0.32,0.18
7,2558,True,818.0,145.0,47.0,626.0,274534.0,17.73,5.75,76.53,0.3,0.05,0.02,0.23,0.27
40,2558,True,867.0,190.0,194.0,483.0,70206.0,21.91,22.38,55.71,0.32,0.07,0.07,0.18,0.07
39,2558,True,402.0,85.0,142.0,175.0,782.25,21.14,35.32,43.53,0.15,0.03,0.05,0.07,0.0
22,2558,True,1382.0,120.0,86.0,1176.0,67144.2,8.68,6.22,85.09,0.5,0.04,0.03,0.43,0.07
35,2558,True,1123.0,320.0,144.0,659.0,25816.35,28.5,12.82,58.68,0.41,0.12,0.05,0.24,0.02
70,2558,True,1624.0,630.0,547.0,447.0,95788.26,38.79,33.68,27.52,0.59,0.23,0.2,0.16,0.09
71,2558,True,308.0,140.0,54.0,114.0,38407.0,45.45,17.53,37.01,0.11,0.05,0.02,0.04,0.04
2,2558,True,2049.0,370.0,0.0,1679.0,1300000.0,18.06,0.0,81.94,0.75,0.14,0.0,0.61,1.3
60,2558,True,161.0,1.0,0.0,160.0,0.0,0.62,0.0,99.38,0.06,0.0,0.0,0.06,0.0
59,2558,True,950.0,167.0,642.0,141.0,30000.0,17.58,67.58,14.84,0.35,0.06,0.23,0.06,0.03
10,2558,True,681.0,70.0,404.0,207.0,81780.0,10.28,59.32,30.4,0.25,0.03,0.15,0.07,0.08
18,2558,True,537.0,135.0,45.0,357.0,91781.0,25.14,8.38,66.48,0.2,0.05,0.02,0.13,0.09
8,2558,True,249.0,51.0,0.0,198.0,13200.0,20.48,0.0,79.52,0.09,0.02,0.0,0.07,0.01
57,2558,True,880.0,150.0,161.0,569.0,87306.24,17.05,18.3,64.66,0.32,0.05,0.06,0.21,0.08
67,2558,True,1070.0,100.0,17.0,953.0,259588.0,9.35,1.59,89.07,0.39,0.04,0.01,0.34,0.26
21,2558,True,1302.0,36.0,65.0,1201.0,10805.3,2.76,4.99,92.24,0.48,0.01,0.02,0.45,0.01
51,2558,True,578.0,130.0,172.0,276.0,45909.9,22.49,29.76,47.75,0.21,0.05,0.06,0.1,0.04
31,2558,True,509.0,195.0,170.0,144.0,15838.2,38.31,33.4,28.29,0.19,0.07,0.06,0.06,0.01
27,2558,True,498.0,91.0,39.0,368.0,21782.0,18.27,7.83,73.9,0.18,0.03,0.01,0.14,0.02
26,2558,True,271.0,14.0,78.0,179.0,41038.0,5.17,28.78,66.05,0.1,0.01,0.03,0.06,0.04
29,2558,True,1672.0,705.0,307.0,660.0,19176.09,42.17,18.36,39.47,0.61,0.26,0.11,0.24,0.02
41,2558,True,484.0,125.0,86.0,273.0,0.0,25.83,17.77,56.4,0.18,0.05,0.03,0.1,0.0
48,2558,True,316.0,41.0,68.0,207.0,2403.0,12.97,21.52,65.51,0.12,0.01,0.02,0.09,0.0
23,2558,True,1172.0,95.0,326.0,751.0,81745.0,8.11,27.82,64.08,0.43,0.03,0.12,0.28,0.08
6,2558,True,283.0,50.0,0.0,233.0,98550.9,17.67,0.0,82.33,0.1,0.02,0.0,0.08,0.1
45,2558,True,1180.0,250.0,265.0,665.0,10325.12,21.19,22.46,56.36,0.43,0.09,0.1,0.24,0.01
38,2558,True,1652.0,550.0,650.0,452.0,15572.22,33.29,39.35,27.36,0.6,0.2,0.25,0.15,0.01
61,2558,True,479.0,25.0,43.0,411.0,230500.0,5.22,8.98,85.8,0.17,0.01,0.02,0.14,0.23
54,2558,True,1043.0,94.0,144.0,805.0,118232.0,9.01,13.81,77.18,0.38,0.03,0.05,0.3,0.12
30,2558,True,631.0,194.0,159.0,278.0,5444.25,30.74,25.2,44.06,,,,,
42,2558,True,449.0,82.0,48.0,319.0,26384.4,18.26,10.69,71.05,0.16,0.03,0.02,0.11,0.02
46,2558,True,219.0,80.0,45.0,94.0,732.3,36.53,20.55,42.92,0.08,0.03,0.02,0.03,0.0
64,2559,True,541.08,137.03,157.74,246.31,193975.0,25.33,29.15,45.52,0.2,0.05,0.06,0.09,0.19
1,2559,True,11530.0,1320.0,10210.0,0.0,0.0,11.45,88.55,0.0,4.21,0.48,3.73,0.0,0.0
56,2559,True,845.25,169.35,24.2,651.7,223948.0,20.04,2.86,77.1,0.31,0.06,0.01,0.24,0.22
34,2559,True,978.79,379.15,116.0,483.64,17433.0,38.74,11.85,49.41,0.36,0.14,0.04,0.18,0.02
49,2559,True,671.99,131.29,151.12,389.58,6119.0,19.54,22.49,57.97,0.25,0.05,0.06,0.14,0.0
28,2559,True,1946.02,561.35,187.92,1196.75,755904.0,28.85,9.66,61.5,0.71,0.2,0.07,0.44,0.76
13,2559,True,550.74,23.17,239.56,288.01,52721.0,4.21,43.5,52.3,0.2,0.01,0.09,0.1,0.05
15,2559,True,751.12,12.41,6.0,732.71,1242000.0,1.65,0.8,97.55,0.27,0.0,0.0,0.27,1.24
11,2559,True,2619.72,301.9,959.5,1358.32,398936.0,11.52,36.63,51.85,0.96,0.11,0.35,0.5,0.4
9,2559,True,356.58,135.11,88.4,133.07,20013.0,37.89,24.79,37.32,0.13,0.05,0.03,0.05,0.02
25,2559,True,1074.27,373.8,0.0,700.47,84010.0,34.8,0.0,65.2,0.39,0.14,0.0,0.25,0.08
69,2559,True,368.87,32.65,41.3,294.92,51673.0,8.85,11.2,79.95,0.13,0.01,0.02,0.1,0.05
72,2559,True,659.58,257.89,117.02,284.67,80408.0,39.1,17.74,43.16,0.24,0.09,0.04,0.11,0.08
14,2559,True,271.71,61.96,55.17,154.85,86305.0,22.8,20.3,56.99,0.1,0.02,0.02,0.06,0.08
50,2559,True,630.36,117.01,71.9,441.45,79592.0,18.56,11.41,70.03,0.23,0.04,0.03,0.16,0.08
17,2559,True,239.22,36.62,70.87,131.73,75000.0,15.31,29.63,55.07,0.09,0.01,0.03,0.05,0.07
58,2559,True,1163.73,116.62,649.76,397.35,142385.0,10.02,55.83,34.14,0.42,0.04,0.24,0.14,0.14
36,2559,True,667.7,261.33,27.99,378.38,42786.0,39.14,4.19,56.67,0.24,0.1,0.01,0.13,0.04
19,2559,True,2458.33,625.18,612.18,1220.97,227492.0,25.43,24.9,49.67,0.9,0.23,0.22,0.45,0.23
63,2559,True,1009.28,90.87,91.18,827.23,1093053.0,9.0,9.03,81.96,0.37,0.03,0.03,0.31,1.09
47,2559,True,1012.79,227.63,279.22,505.94,11109.0,22.48,27.57,49.96,0.37,0.08,0.1,0.19,0.01
3,2559,True,1679.23,489.97,1189.26,0.0,0.0,29.18,70.82,0.0,0.61,0.18,0.43,0.0,0.0
76,2559,True,747.93,299.68,86.16,362.09,59243.0,40.07,11.52,48.41,0.27,0.11,0.03,0.13,0.06
43,2559,True,456.03,148.12,64.85,243.06,9242.0,32.48,14.22,53.3,0.17,0.05,0.02,0.1,0.01
77,2559,True,396.65,174.88,17.05,204.72,10334.0,44.09,4.3,51.61,0.14,0.06,0.01,0.07,0.01
20,2559,True,1597.6,263.67,178.03,1155.9,26157.0,16.5,11.14,72.35,0.58,0.1,0.06,0.42,0.02
4,2559,True,1676.0,218.35,160.54,1297.11,82912.0,13.03,9.58,77.39,0.61,0.08,0.06,0.47,0.08
62,2559,True,581.24,88.9,279.94,212.4,285197.0,15.29,48.16,36.54,0.21,0.03,0.1,0.08,0.28
16,2559,True,515.73,97.18,76.08,342.47,216965.0,18.84,14.75,66.4,0.19,0.04,0.03,0.12,0.22
74,2559,True,648.05,247.12,82.52,318.41,49108.0,38.13,12.73,49.13,0.24,0.09,0.03,0.12,0.05
5,2559,True,1153.7,252.96,174.65,726.09,642566.0,21.93,15.14,62.94,0.42,0.09,0.06,0.27,0.64
44,2559,True,484.6,165.11,109.58,209.91,23042.0,34.07,22.61,43.32,0.18,0.06,0.04,0.08,0.02
65,2559,True,283.26,84.75,77.7,120.81,193962.0,29.92,27.43,42.65,0.1,0.03,0.03,0.04,0.19
73,2559,True,524.22,192.64,35.0,296.58,67052.0,36.75,6.68,56.58,0.19,0.07,0.01,0.11,0.07
53,2559,True,551.48,156.41,63.32,331.75,18170.0,28.36,11.48,60.16,0.2,0.06,0.02,0.12,0.02
52,2559,True,893.56,187.61,140.1,565.85,6817.0,21.0,15.68,63.33,0.33,0.07,0.05,0.21,0.0
66,2559,True,879.89,87.99,791.9,0.0,0.0,10.0,90.0,0.0,0.32,0.03,0.29,0.0,0.0
32,2559,True,910.84,287.37,26.71,596.76,142252.0,31.55,2.93,65.52,0.33,0.1,0.01,0.22,0.14
37,2559,True,179.96,60.85,70.92,48.19,4127.0,33.81,39.41,26.78,0.07,0.02,0.03,0.02,0.0
75,2559,True,596.68,238.16,252.4,106.12,14718.0,39.91,42.3,17.79,0.22,0.09,0.09,0.04,0.01
24,2559,True,233.0,21.91,52.28,158.81,46400.0,9.4,22.44,68.16,0.09,0.01,0.02,0.06,0.05
68,2559,True,186.78,47.67,0.0,139.11,18291.0,25.52,0.0,74.48,0.07,0.02,0.0,0.05,0.02
12,2559,True,896.88,59.59,487.45,349.84,221900.0,6.64,54.35,39.01,0.33,0.02,0.18,0.13,0.22
55,2559,True,895.87,210.34,296.55,388.98,143660.0,23.48,33.1,43.42,0.33,0.08,0.11,0.14,0.14
33,2559,True,930.42,161.24,4.0,765.18,124955.0,17.33,0.43,82.24,0.34,0.06,0.0,0.28,0.12
7,2559,True,920.64,141.68,39.18,739.78,125622.0,15.39,4.26,80.35,0.34,0.05,0.01,0.28,0.12
40,2559,True,825.24,91.45,251.12,482.67,43317.0,11.08,30.43,58.49,0.3,0.03,0.09,0.18,0.04
39,2559,True,402.67,85.65,135.59,181.43,131.0,21.27,33.67,45.06,0.15,0.03,0.05,0.07,0.0
22,2559,True,1403.25,132.0,94.7,1176.55,33399.0,9.41,6.75,83.84,0.51,0.05,0.03,0.43,0.03
35,2559,True,1127.78,395.81,109.46,622.51,4511.0,35.1,9.71,55.2,0.41,0.14,0.04,0.23,0.0
70,2559,True,1624.59,562.96,673.55,388.08,147645.0,34.65,41.46,23.89,0.59,0.21,0.25,0.13,0.15
71,2559,True,297.52,149.89,58.9,88.73,18448.0,50.38,19.8,29.82,0.11,0.05,0.02,0.04,0.02
2,2559,True,2362.24,298.94,1972.8,90.5,616143.0,12.65,83.51,3.83,0.86,0.11,0.72,0.03,0.61
60,2559,True,193.94,44.3,2.57,147.07,0.0,22.84,1.33,75.83,0.07,0.02,0.0,0.05,0.0
59,2559,True,940.35,113.46,410.67,416.22,279825.0,12.07,43.67,44.26,0.34,0.04,0.15,0.15,0.28
10,2559,True,747.08,166.54,370.17,210.37,93481.0,22.29,49.55,28.16,,,,,
18,2559,True,380.68,22.17,26.7,331.81,142054.0,5.82,7.01,87.16,0.14,0.01,0.01,0.12,0.14
8,2559,True,244.37,46.59,0.0,197.78,28138.0,19.07,0.0,80.93,0.09,0.02,0.0,0.07,0.03
57,2559,True,784.32,161.01,122.9,500.41,92367.0,20.53,15.67,63.8,0.29,0.06,0.04,0.19,0.09
67,2559,True,1034.26,158.95,261.65,613.66,263499.0,15.37,25.3,59.33,0.38,0.06,0.1,0.22,0.26
21,2559,True,1319.49,202.28,85.93,1031.28,2754.0,15.33,6.51,78.16,0.48,0.07,0.03,0.38,0.0
51,2559,True,572.87,349.97,118.53,104.37,24274.0,61.09,20.69,18.22,0.21,0.13,0.04,0.04,0.02
31,2559,True,357.37,114.92,118.09,124.36,12058.0,32.16,33.04,34.8,0.13,0.04,0.04,0.05,0.01
27,2559,True,494.04,224.31,47.04,222.69,20562.0,45.4,9.52,45.08,0.18,0.08,0.02,0.08,0.02
26,2559,True,202.0,68.74,83.27,49.99,45156.0,34.03,41.22,24.75,0.07,0.03,0.03,0.01,0.04
29,2559,True,1622.03,726.76,275.06,620.21,18203.0,44.81,16.96,38.24,0.59,0.27,0.1,0.22,0.02
41,2559,True,450.38,125.62,72.12,252.64,4735.0,27.89,16.01,56.09,0.16,0.05,0.03,0.08,0.0
48,2559,True,321.95,57.01,70.76,194.18,1296.0,17.71,21.98,60.31,0.12,0.02,0.03,0.07,0.0
23,2559,True,1481.72,381.01,516.04,584.67,18634.0,25.71,34.83,39.46,0.54,0.14,0.19,0.21,0.02
6,2559,True,285.49,118.57,107.07,59.85,0.0,41.53,37.5,20.96,0.1,0.04,0.04,0.02,0.0
45,2559,True,1100.47,196.33,274.4,629.74,13277.0,17.84,24.93,57.22,0.4,0.07,0.1,0.23,0.01
38,2559,True,1658.5,525.78,691.9,440.82,42979.0,31.7,41.72,26.58,0.61,0.19,0.25,0.17,0.04
61,2559,True,559.06,91.35,152.21,315.5,356925.0,16.34,27.23,56.43,0.2,0.03,0.06,0.11,0.36
54,2559,True,949.97,209.65,116.53,623.79,134693.0,22.07,12.27,65.66,0.35,0.08,0.04,0.23,0.13
30,2559,True,630.25,197.52,20.0,412.73,56836.0,31.34,3.17,65.49,0.23,0.07,0.01,0.15,0.06
42,2559,True,433.3,88.88,22.17,322.25,23143.0,20.51,5.12,74.37,0.16,0.03,0.01,0.12,0.02
46,2559,True,155.61,39.96,45.66,69.99,0.0,25.68,29.34,44.98,0.06,0.01,0.02,0.03,0.0
64,2560,True,564.0,137.0,178.0,249.0,177984.0,24.29,31.56,44.15,0.21,0.05,0.06,0.1,0.18
1,2560,True,13327.0,2738.0,10589.0,0.0,0.0,20.54,79.46,0.0,4.86,1.0,3.86,0.0,0.0
56,2560,True,810.0,466.0,143.0,201.0,238715.0,57.53,17.65,24.81,0.3,0.17,0.05,0.08,0.24
34,2560,True,952.0,591.0,294.0,67.0,62436.0,62.08,30.88,7.04,0.35,0.22,0.11,0.02,0.06
49,2560,True,395.0,73.0,145.0,177.0,8824.0,18.48,36.71,44.81,0.14,0.03,0.05,0.06,0.0
28,2560,True,1836.0,994.0,606.0,236.0,147745.0,54.14,33.01,12.85,0.67,0.36,0.22,0.09,0.17
13,2560,True,474.0,75.0,259.0,140.0,12580.0,15.82,54.64,29.54,0.17,0.03,0.09,0.05,0.01
15,2560,True,777.0,180.0,240.0,357.0,469703.0,23.17,30.89,45.95,0.28,0.07,0.09,0.12,0.47
11,2560,True,2547.0,476.0,1852.0,219.0,86217.0,18.69,72.71,8.6,0.93,0.17,0.68,0.08,0.09
9,2560,True,320.0,121.0,113.0,86.0,10438.0,37.81,35.31,26.88,0.12,0.04,0.04,0.04,0.01
25,2560,True,1060.0,817.0,60.0,183.0,10530.0,77.08,5.66,17.26,0.39,0.3,0.02,0.07,0.01
69,2560,True,369.0,176.0,19.0,174.0,27963.0,47.7,5.15,47.15,0.13,0.06,0.01,0.06,0.03
72,2560,True,663.0,299.0,130.0,234.0,41196.0,45.1,19.61,35.29,0.24,0.11,0.05,0.08,0.04
14,2560,True,273.0,60.0,117.0,96.0,76036.0,21.98,42.86,35.16,0.1,0.02,0.04,0.04,0.08
50,2560,True,523.0,96.0,122.0,305.0,100030.0,18.36,23.33,58.32,0.19,0.04,0.04,0.11,0.1
17,2560,True,241.0,85.0,70.0,86.0,80146.0,35.27,29.05,35.68,0.09,0.03,0.03,0.03,0.08
58,2560,True,1165.0,234.0,516.0,415.0,114374.0,20.09,44.29,35.62,0.43,0.09,0.19,0.15,0.11
36,2560,True,667.0,252.0,87.0,328.0,50555.0,37.78,13.04,49.18,0.24,0.09,0.03,0.12,0.05
19,2560,True,2458.0,958.0,708.0,792.0,93933.0,38.97,28.8,32.22,0.9,0.35,0.26,0.29,0.09
63,2560,True,982.0,433.0,73.0,476.0,1135120.0,44.09,7.43,48.47,0.36,0.16,0.03,0.17,1.13
47,2560,True,885.0,100.0,419.0,366.0,3193.0,11.3,47.34,41.36,0.32,0.04,0.15,0.13,0.0
3,2560,True,1685.0,384.0,1301.0,0.0,0.0,22.79,77.21,0.0,0.62,0.14,0.48,0.0,0.0
76,2560,True,753.0,284.0,109.0,360.0,48105.0,37.72,14.48,47.81,0.27,0.1,0.04,0.13,0.05
43,2560,True,454.0,153.0,76.0,225.0,9242.0,33.7,16.74,49.56,0.17,0.06,0.03,0.08,0.01
77,2560,True,395.0,170.0,25.0,200.0,11784.0,43.04,6.33,50.63,0.14,0.06,0.01,0.07,0.01
20,2560,True,1501.0,582.0,196.0,723.0,6904.0,38.77,13.06,48.17,0.55,0.21,0.07,0.27,0.0
4,2560,True,1622.0,367.0,283.0,972.0,65669.0,22.63,17.45,59.93,0.59,0.13,0.1,0.36,0.06
62,2560,True,520.0,125.0,278.0,117.0,17273.0,24.04,53.46,22.5,0.19,0.05,0.1,0.04,0.01
16,2560,True,516.0,149.0,100.0,267.0,116265.0,28.88,19.38,51.74,0.19,0.05,0.04,0.01,0.12
74,2560,True,666.0,286.0,74.0,306.0,33632.0,42.94,11.11,45.95,0.24,0.1,0.03,0.11,0.03
5,2560,True,1038.0,264.0,553.0,221.0,312585.0,25.43,53.28,21.29,0.38,0.1,0.2,0.08,0.31
44,2560,True,458.0,171.0,167.0,120.0,10452.0,37.34,36.46,26.2,0.17,0.06,0.06,0.05,0.01
65,2560,True,296.0,95.0,84.0,117.0,130770.0,32.09,28.38,39.53,0.11,0.03,0.03,0.05,0.13
73,2560,True,532.0,192.0,46.0,294.0,19422.0,36.09,8.65,55.26,0.19,0.07,0.02,0.1,0.02
53,2560,True,555.0,139.0,69.0,347.0,18136.0,25.05,12.43,62.52,0.2,0.05,0.03,0.12,0.02
52,2560,True,897.0,208.0,306.0,383.0,6817.0,23.19,34.11,42.7,0.33,0.08,0.11,0.14,0.0
66,2560,True,946.0,86.0,860.0,0.0,0.0,9.09,90.91,0.0,0.35,0.03,0.32,0.0,0.0
32,2560,True,901.0,509.0,136.0,256.0,53729.0,56.49,15.09,28.41,0.33,0.19,0.05,0.09,0.05
37,2560,True,125.0,35.0,74.0,16.0,331.0,28.0,59.2,12.8,0.05,0.01,0.03,0.01,0.0
75,2560,True,611.0,242.0,253.0,116.0,12043.0,39.61,41.41,18.99,0.22,0.09,0.09,0.04,0.01
24,2560,True,497.0,357.0,116.27,23.73,0.0,71.83,23.39,4.77,0.18,0.13,0.04,0.01,0.0
68,2560,True,189.0,96.0,0.0,93.0,9088.0,50.79,0.0,49.21,0.07,0.04,0.0,0.03,0.0
12,2560,True,989.0,228.0,726.0,35.0,163310.0,23.05,73.41,3.54,0.36,0.08,0.26,0.02,0.16
55,2560,True,831.0,395.0,303.0,133.0,22860.0,47.53,36.46,16.0,0.3,0.14,0.11,0.05,0.02
33,2560,True,930.0,454.0,270.0,206.0,47577.0,48.82,29.03,22.15,0.34,0.17,0.1,0.07,0.05
7,2560,True,730.0,247.0,59.0,424.0,171837.0,33.84,8.08,58.08,0.27,0.09,0.02,0.16,0.17
40,2560,True,793.0,101.0,245.0,447.0,12123.0,12.74,30.9,56.37,0.29,0.04,0.09,0.16,0.01
39,2560,True,385.0,95.0,195.0,95.0,22.0,24.68,50.65,24.68,0.14,0.03,0.07,0.04,0.0
22,2560,True,1378.0,317.0,122.0,939.0,5414.0,23.0,8.85,68.14,0.5,0.12,0.04,0.34,0.0
35,2560,True,1118.0,388.0,138.0,592.0,5424.0,34.7,12.34,52.95,0.41,0.14,0.05,0.22,0.0
70,2560,True,1634.0,561.0,688.0,385.0,36035.0,34.33,42.11,23.56,0.6,0.2,0.25,0.15,0.04
71,2560,True,302.0,178.0,66.0,58.0,19155.0,58.94,21.85,19.21,0.11,0.06,0.02,0.03,0.02
2,2560,True,2445.0,502.0,1845.0,98.0,0.0,20.53,75.46,4.01,0.89,0.18,0.67,0.04,0.0
60,2560,True,185.0,52.0,87.0,46.0,0.0,28.11,47.03,24.86,0.07,0.02,0.03,0.02,0.0
59,2560,True,948.0,587.0,12.0,349.0,237409.0,61.92,1.27,36.81,0.35,0.21,0.0,0.14,0.24
10,2560,True,694.0,201.0,448.0,45.0,97158.0,28.96,64.55,6.48,0.25,0.07,0.16,0.02,0.1
18,2560,True,529.0,170.0,43.0,316.0,158059.0,32.14,8.13,59.74,0.19,0.06,0.02,0.11,0.16
8,2560,True,242.0,73.0,63.0,106.0,12216.0,30.17,26.03,43.8,0.09,0.03,0.02,0.04,0.01
57,2560,True,791.0,211.0,136.0,444.0,41655.0,26.68,17.19,56.13,0.29,0.08,0.05,0.16,0.04
67,2560,True,1049.0,452.0,399.0,198.0,68761.0,43.09,38.04,18.88,0.38,0.16,0.15,0.07,0.07
21,2560,True,1276.0,461.0,110.0,705.0,3923.0,36.13,8.62,55.25,0.47,0.17,0.04,0.26,0.0
51,2560,True,576.0,319.0,155.0,102.0,6010.0,55.38,26.91,17.71,0.21,0.12,0.06,0.04,0.0
31,2560,True,498.0,194.0,164.0,140.0,9683.0,38.96,32.93,28.11,0.18,0.07,0.06,0.05,0.01
27,2560,True,487.0,329.0,63.0,95.0,1402.0,67.56,12.94,19.51,0.18,0.12,0.02,0.04,0.0
26,2560,True,275.0,65.0,88.0,122.0,840.0,23.64,32.0,44.36,0.1,0.02,0.03,0.05,0.0
29,2560,True,1601.0,726.0,320.0,555.0,17510.0,45.35,19.99,34.67,0.58,0.26,0.12,0.2,0.02
41,2560,True,440.0,128.0,91.0,221.0,4735.0,29.09,20.68,50.23,0.16,0.05,0.03,0.08,0.0
48,2560,True,313.0,10.0,55.0,248.0,425.0,3.19,17.57,79.23,0.11,0.0,0.02,0.09,0.0
23,2560,True,1465.0,384.0,872.73,208.27,3988.0,26.21,59.57,14.22,0.53,0.14,0.32,0.07,0.0
6,2560,True,288.0,145.0,103.0,40.0,0.0,50.35,35.76,13.89,0.11,0.05,0.04,0.02,0.0
45,2560,True,1096.0,212.0,453.0,431.0,22500.0,19.34,41.33,39.32,0.4,0.08,0.17,0.15,0.02
38,2560,True,1669.0,108.0,1349.0,212.0,2130.0,6.47,80.83,12.7,0.61,0.04,0.49,0.08,0.0
61,2560,True,480.0,176.0,156.0,148.0,164487.0,36.67,32.5,30.83,0.18,0.06,0.06,0.06,0.16
54,2560,True,951.0,294.0,135.0,522.0,102018.0,30.91,14.2,54.89,0.35,0.11,0.05,0.19,0.1
30,2560,True,603.0,194.0,22.0,387.0,80335.0,32.17,3.65,64.18,0.22,0.07,0.01,0.14,0.08
42,2560,True,409.0,93.0,144.0,172.0,11098.0,22.74,35.21,42.05,0.15,0.03,0.05,0.07,0.01
46,2560,True,153.0,15.0,50.0,88.0,352.0,9.8,32.68,57.52,0.06,0.01,0.02,0.03,0.0
64,2561,True,543.12,154.89,171.73,216.5,60261.18,28.52,31.62,39.86,0.2,0.06,0.06,0.08,0.06
1,2561,True,13240.49,2521.87,10718.62,0.0,0.0,19.05,80.95,0.0,4.83,0.92,3.91,0.0,0.0
56,2561,True,822.49,470.14,107.97,244.38,63067.0,57.16,13.13,29.71,0.3,0.17,0.04,0.09,0.06
34,2561,True,984.11,599.14,97.78,287.19,47411.05,60.88,9.94,29.18,0.36,0.22,0.04,0.1,0.05
49,2561,True,417.84,90.95,143.12,183.77,6119.25,21.77,34.25,43.98,0.15,0.03,0.05,0.07,0.0
28,2561,True,1847.6,934.62,533.18,379.8,145381.32,50.59,28.86,20.56,0.67,0.34,0.19,0.14,0.14
13,2561,True,510.8,122.09,266.03,122.68,52721.0,23.9,52.08,24.02,0.19,0.04,0.1,0.05,0.05
15,2561,True,709.24,174.86,192.56,341.82,102444.58,24.65,27.15,48.2,0.26,0.06,0.07,0.13,0.1
11,2561,True,2591.03,280.9,1154.68,1155.45,119611.0,10.84,44.56,44.59,0.95,0.1,0.42,0.43,0.12
9,2561,True,326.33,126.22,104.59,95.52,97.5,38.68,32.05,29.27,0.12,0.05,0.04,0.03,0.0
25,2561,True,1074.62,679.46,141.99,253.17,14012.66,63.23,13.21,23.56,0.39,0.25,0.05,0.09,0.01
69,2561,True,366.92,177.23,26.4,163.29,19538.45,48.3,7.2,44.5,0.13,0.06,0.01,0.06,0.02
72,2561,True,659.06,355.5,75.68,247.99,40029.65,53.94,11.48,37.63,0.24,0.12,0.03,0.09,0.04
14,2561,True,275.18,99.16,80.1,95.92,27644.76,36.03,29.11,34.86,0.1,0.04,0.03,0.03,0.03
50,2561,True,638.55,195.03,98.9,344.62,2014.0,30.54,15.49,53.97,0.23,0.07,0.04,0.12,0.0
17,2561,True,250.91,136.91,106.41,7.59,16200.0,54.57,42.41,3.02,0.09,0.05,0.04,0.0,0.01
58,2561,True,1263.91,310.23,652.16,301.52,90379.6,24.55,51.6,23.86,0.46,0.11,0.24,0.11,0.09
36,2561,True,673.35,266.98,32.23,374.14,26305.91,39.65,4.79,55.56,0.25,0.1,0.01,0.14,0.03
19,2561,True,2480.07,1021.06,577.94,901.07,68180.51,41.17,23.3,36.33,0.91,0.37,0.2,0.34,0.07
63,2561,True,963.03,431.82,73.3,457.91,1169172.3,44.84,7.61,47.55,0.35,0.16,0.03,0.16,1.17
47,2561,True,894.0,122.01,418.91,353.08,11109.0,13.65,46.86,39.49,0.33,0.04,0.15,0.14,0.01
3,2561,True,1691.45,386.17,1305.28,0.0,0.0,22.83,77.17,0.0,0.62,0.14,0.48,0.0,0.0
76,2561,True,745.29,275.25,108.81,361.23,57957.75,36.93,14.6,48.47,0.27,0.1,0.04,0.13,0.06
43,2561,True,456.03,161.23,70.8,224.0,2386.03,35.36,15.53,49.12,0.17,0.06,0.03,0.08,0.0
77,2561,True,393.71,214.79,33.1,145.82,15314.97,54.56,8.41,37.04,0.14,0.08,0.01,0.05,0.01
20,2561,True,1571.73,598.57,176.52,796.64,11047.49,38.08,11.23,50.69,0.57,0.22,0.06,0.29,0.01
4,2561,True,1690.24,508.24,341.06,840.94,38272.0,30.07,20.18,49.75,0.62,0.19,0.12,0.31,0.04
62,2561,True,593.38,159.15,228.35,205.88,19588.0,26.82,38.48,34.7,0.22,0.06,0.08,0.08,0.02
16,2561,True,520.09,242.77,112.6,164.72,105855.45,46.68,21.65,31.67,0.19,0.09,0.04,0.06,0.1
74,2561,True,670.29,315.6,67.74,286.95,21214.48,47.08,10.11,42.81,0.24,0.12,0.02,0.1,0.02
5,2561,True,1176.35,519.65,404.28,252.42,297815.0,44.17,34.37,21.46,0.43,0.19,0.15,0.09,0.3
44,2561,True,484.6,284.99,83.49,116.12,832.95,58.81,17.23,23.96,0.18,0.1,0.03,0.05,0.0
65,2561,True,305.6,108.83,83.63,113.14,132533.94,35.61,27.37,37.02,0.11,0.04,0.03,0.04,0.13
73,2561,True,516.4,197.05,42.2,277.15,6818.31,38.16,8.17,53.67,0.19,0.07,0.02,0.1,0.0
53,2561,True,652.55,142.59,113.4,396.56,78856.5,21.85,17.38,60.77,0.24,0.05,0.04,0.15,0.08
52,2561,True,902.96,280.61,345.0,277.35,0.0,31.08,38.21,30.72,0.33,0.1,0.13,0.1,0.0
66,2561,True,1032.55,103.26,929.29,0.0,0.0,10.0,90.0,0.0,0.38,0.04,0.34,0.0,0.0
32,2561,True,904.62,515.42,84.43,304.77,7452.2,56.98,9.33,33.69,0.33,0.19,0.03,0.11,0.0
37,2561,True,334.64,233.08,0.0,111.56,63.75,69.65,0.0,33.34,0.12,0.08,0.0,0.04,0.0
75,2561,True,557.81,295.42,180.46,81.93,0.0,52.96,32.35,14.69,0.2,0.11,0.07,0.02,0.0
24,2561,True,512.56,355.73,75.35,81.48,9.95,69.4,14.7,15.9,0.19,0.13,0.03,0.03,0.0
68,2561,True,189.06,97.98,0.0,91.08,4361.47,51.82,0.0,48.18,0.07,0.04,0.0,0.03,0.0
12,2561,True,967.8,207.0,537.77,223.03,253046.0,21.39,55.57,23.05,0.35,0.08,0.2,0.07,0.25
55,2561,True,864.61,418.33,328.96,117.32,27380.0,48.38,38.05,13.57,0.32,0.15,0.12,0.05,0.03
33,2561,True,1314.54,685.19,171.0,458.35,9283.76,52.12,13.01,34.87,0.48,0.25,0.06,0.17,0.0
7,2561,True,863.11,383.16,39.97,439.98,246722.16,44.39,4.63,50.98,0.32,0.14,0.01,0.17,0.25
40,2561,True,444.75,116.19,198.14,130.42,6642.07,26.12,44.55,29.32,0.16,0.04,0.07,0.05,0.0
39,2561,True,412.16,101.69,201.02,109.45,0.0,24.67,48.77,26.56,0.15,0.04,0.07,0.04,0.0
22,2561,True,1358.24,447.07,122.0,789.17,72.37,32.92,8.98,58.1,0.5,0.16,0.04,0.3,0.0
35,2561,True,1135.41,465.34,117.69,552.38,4410.12,40.98,10.37,48.65,0.41,0.17,0.04,0.2,0.0
70,2561,True,1656.46,585.97,668.33,402.16,23472.0,35.37,40.35,24.28,0.6,0.21,0.24,0.15,0.02
71,2561,True,310.82,182.58,86.69,41.55,22255.0,58.74,27.89,13.37,0.11,0.07,0.03,0.01,0.02
2,2561,True,2449.77,507.47,1927.3,15.0,0.0,20.72,78.67,0.61,0.89,0.19,0.7,0.0,0.0
60,2561,True,180.92,51.12,100.52,29.28,0.0,28.26,55.56,16.18,0.07,0.02,0.04,0.01,0.0
59,2561,True,918.0,476.8,370.31,70.89,9968.22,51.94,40.34,7.72,0.34,0.17,0.14,0.03,0.01
10,2561,True,677.42,258.93,313.13,105.36,366014.3,38.22,46.22,15.55,0.25,0.09,0.11,0.05,0.37
18,2561,True,593.65,327.92,23.47,242.26,167642.43,55.24,3.95,40.81,0.22,0.12,0.01,0.09,0.17
8,2561,True,244.37,105.6,69.58,69.19,7250.0,43.21,28.47,28.31,0.09,0.04,0.03,0.02,0.0
57,2561,True,636.14,158.43,170.17,307.54,42809.22,24.9,26.75,48.34,0.23,0.06,0.06,0.11,0.04
67,2561,True,1088.27,477.3,478.0,132.97,116210.1,43.86,43.92,12.22,0.4,0.17,0.17,0.06,0.12
21,2561,True,1278.5,478.14,82.4,717.96,4209.45,37.4,6.45,56.16,0.47,0.17,0.03,0.27,0.0
51,2561,True,581.24,376.57,128.21,76.46,0.0,64.79,22.06,13.15,0.21,0.14,0.05,0.02,0.0
31,2561,True,500.57,231.12,132.37,137.08,6774.3,46.17,26.44,27.38,0.18,0.08,0.05,0.05,0.0
27,2561,True,496.62,290.01,86.9,119.71,498.72,58.4,17.5,24.1,0.18,0.11,0.03,0.04,0.0
26,2561,True,361.89,209.78,45.13,106.98,14.89,57.97,12.47,29.56,0.13,0.08,0.02,0.03,0.0
29,2561,True,1632.56,889.68,236.21,506.67,13398.64,54.5,14.47,31.04,0.6,0.32,0.09,0.19,0.01
41,2561,True,439.14,155.29,76.67,207.18,3728.25,35.36,17.46,47.18,0.16,0.06,0.03,0.07,0.0
48,2561,True,316.49,48.95,55.9,211.64,1296.0,15.47,17.66,66.87,0.12,0.02,0.02,0.08,0.0
23,2561,True,1800.67,1038.29,503.49,258.89,158.28,57.66,27.96,14.38,0.66,0.38,0.18,0.1,0.0
6,2561,True,285.49,159.1,107.75,18.64,0.0,55.73,37.74,6.53,0.1,0.06,0.04,0.0,0.0
45,2561,True,972.54,248.61,407.13,316.8,812.0,25.56,41.86,32.57,0.35,0.09,0.15,0.11,0.0
38,2561,True,1655.31,399.12,1040.8,215.39,0.0,24.11,62.88,13.01,0.6,0.15,0.38,0.07,0.0
61,2561,True,461.77,174.64,103.54,183.59,127130.0,37.82,22.42,39.76,0.17,0.06,0.04,0.07,0.13
54,2561,True,953.76,439.3,127.63,386.59,71930.0,46.06,13.38,40.53,0.35,0.16,0.05,0.14,0.07
30,2561,True,649.91,237.32,23.0,389.59,91744.17,36.52,3.54,59.95,0.24,0.09,0.01,0.14,0.09
42,2561,True,423.16,121.87,86.94,214.35,17895.76,28.8,20.55,50.65,0.15,0.04,0.03,0.08,0.02
46,2561,True,168.2,43.13,16.4,108.67,184.25,25.64,9.75,64.61,0.06,0.02,0.01,0.03,0.0
64,2562,True,545.5,166.89,0.0,378.61,57326.0,30.59,0.0,69.41,0.2,0.06,0.0,0.14,0.06
1,2562,True,13583.48,3029.98,10553.5,0.0,0.0,22.31,77.69,0.0,4.96,1.11,3.85,0.0,0.0
56,2562,True,899.02,607.59,106.86,130.57,35255.0,67.58,11.89,14.52,0.33,0.22,0.06,0.05,0.03
34,2562,True,985.4,605.17,104.37,275.86,29668.9,61.41,10.59,27.99,0.36,0.22,0.04,0.1,0.03
49,2562,True,415.39,135.04,158.28,122.07,0.0,32.51,38.1,29.39,0.15,0.05,0.06,0.04,0.0
28,2562,True,1873.09,927.39,489.2,456.5,288240.77,49.51,26.12,24.37,0.68,0.34,0.18,0.16,0.29
13,2562,True,569.36,177.54,234.82,157.0,8142.11,31.18,41.24,27.57,0.21,0.06,0.09,0.06,0.0
15,2562,True,733.14,134.65,8.81,589.68,125519.55,18.37,1.2,80.43,0.27,0.05,0.0,0.22,0.12
11,2562,True,2909.86,693.24,1531.78,684.84,64669.95,23.82,52.64,23.54,1.06,0.25,0.56,0.25,0.06
9,2562,True,326.04,208.53,73.66,43.85,158.48,63.96,22.59,13.45,0.12,0.08,0.03,0.03,0.0
25,2562,True,1077.5,722.64,123.85,231.01,0.0,67.07,11.49,21.44,0.39,0.26,0.05,0.08,0.0
69,2562,True,532.52,406.02,32.45,94.05,20415.24,76.25,6.09,17.66,0.19,0.15,0.01,0.03,0.02
72,2562,True,659.06,400.17,27.78,231.11,42664.79,60.72,4.22,35.07,,,,,
14,2562,True,258.5,85.7,107.61,65.19,10075.04,33.15,41.63,25.22,0.09,0.03,0.04,0.02,0.01
50,2562,True,625.93,137.05,335.18,153.7,651.15,21.9,53.55,24.56,0.23,0.05,0.12,0.06,0.0
17,2562,True,294.07,104.23,21.1,168.74,37470.0,35.44,7.18,57.38,0.11,0.04,0.01,0.06,0.04
58,2562,True,1093.03,343.0,548.27,201.76,94748.0,31.38,50.16,18.46,0.4,0.13,0.2,0.07,0.09
36,2562,True,681.09,505.94,23.27,151.88,15881.89,74.28,3.42,22.3,0.25,0.18,0.01,0.06,0.01
19,2562,True,2511.25,1288.67,164.58,1058.0,74268.0,51.32,6.55,42.13,0.92,0.47,0.06,0.39,0.07
63,2562,True,1617.04,1209.71,42.39,364.94,821272.56,74.81,2.62,22.57,0.59,0.44,0.02,0.13,0.82
47,2562,True,756.09,220.59,378.52,156.98,0.0,29.18,50.06,20.76,0.28,0.08,0.14,0.06,0.0
3,2562,True,1995.28,689.19,1306.09,0.0,0.0,34.54,65.46,0.0,0.73,0.25,0.48,0.0,0.0
76,2562,True,742.53,321.39,95.92,325.22,39437.86,43.28,12.92,43.8,0.27,0.12,0.04,0.11,0.04
43,2562,True,472.41,332.32,58.79,81.3,0.0,70.35,12.44,17.21,0.17,0.12,0.02,0.03,0.0
77,2562,True,402.66,311.35,43.52,47.79,10052.1,77.32,10.81,11.87,0.15,0.11,0.02,0.02,0.01
20,2562,True,1579.61,759.1,179.14,641.37,0.0,48.06,11.34,40.6,0.58,0.28,0.07,0.23,0.0
4,2562,True,1658.23,478.74,333.33,846.16,22962.0,28.87,20.1,51.03,0.61,0.17,0.12,0.32,0.02
62,2562,True,628.21,225.11,2.96,400.14,11152.0,35.83,0.47,63.7,0.23,0.08,0.0,0.15,0.01
16,2562,True,514.23,276.88,0.0,237.35,187410.3,53.84,0.0,46.16,0.19,0.1,0.0,0.09,0.19
74,2562,True,679.93,312.16,75.6,292.17,10351.5,45.91,11.12,42.97,0.25,0.11,0.03,0.11,0.01
5,2562,True,1095.13,529.57,444.65,120.91,206486.0,48.36,40.6,11.04,0.4,0.19,0.16,0.05,0.21
44,2562,True,482.13,333.05,75.1,73.98,0.0,69.08,15.58,15.34,0.18,0.12,0.03,0.03,0.0
65,2562,True,307.39,123.78,45.67,137.94,131185.33,40.27,14.86,44.87,0.11,0.05,0.02,0.04,0.13
73,2562,True,519.44,381.99,67.5,69.95,3279.24,73.54,12.99,13.47,0.19,0.14,0.02,0.03,0.0
53,2562,True,499.19,146.92,123.76,228.51,157.0,29.43,24.79,45.78,0.18,0.05,0.05,0.08,0.0
52,2562,True,883.35,552.34,243.29,87.72,0.0,62.53,27.54,9.93,0.32,0.2,0.09,0.03,0.0
66,2562,True,1072.66,107.26,965.4,0.0,0.0,10.0,90.0,0.0,0.39,0.04,0.35,0.0,0.0
32,2562,True,909.81,611.22,0.0,298.59,57471.69,67.18,0.0,32.82,0.33,0.22,0.0,0.11,0.06
37,2562,True,334.64,276.84,0.0,57.8,14665.7,82.73,0.0,17.27,0.12,0.1,0.0,0.02,0.01
75,2562,True,543.71,295.83,165.95,81.93,0.0,54.41,30.52,15.07,0.2,0.11,0.06,0.03,0.0
24,2562,True,513.06,378.36,50.94,83.76,3613.37,73.75,9.93,16.33,0.19,0.14,0.02,0.03,0.0
68,2562,True,189.55,112.71,0.0,76.84,4863.22,59.46,0.0,40.54,0.07,0.04,0.0,0.03,0.0
12,2562,True,969.76,144.8,815.86,9.1,64245.3,14.93,84.13,0.94,0.35,0.05,0.3,0.0,0.06
55,2562,True,872.04,339.02,367.75,165.27,21940.0,38.88,42.17,18.95,0.32,0.12,0.13,0.07,0.02
33,2562,True,1272.65,740.06,103.94,428.65,13754.0,58.15,8.17,33.68,0.46,0.27,0.04,0.15,0.01
7,2562,True,1142.91,317.16,31.95,793.8,273428.1,27.75,2.8,69.45,0.42,0.12,0.01,0.29,0.27
40,2562,True,781.84,424.26,279.92,77.66,0.0,54.26,35.8,9.93,0.29,0.15,0.1,0.04,0.0
39,2562,True,230.72,92.18,72.12,66.42,0.0,39.95,31.26,28.79,0.08,0.03,0.03,0.02,0.0
22,2562,True,1358.24,1056.99,155.0,146.25,487.0,77.82,11.41,10.77,0.5,0.39,0.06,0.05,0.0
35,2562,True,1131.59,924.77,117.55,89.53,4924.62,81.72,10.39,7.91,0.41,0.34,0.04,0.03,0.0
70,2562,True,1625.51,570.44,652.9,402.17,0.0,35.09,40.17,24.74,0.59,0.21,0.24,0.14,0.0
71,2562,True,308.49,180.71,86.23,41.55,11622.0,58.58,27.95,13.47,0.11,0.07,0.03,0.01,0.01
2,2562,True,2362.24,506.48,369.15,1486.61,0.0,21.44,15.63,62.93,0.86,0.18,0.13,0.55,0.0
60,2562,True,187.08,62.16,123.12,1.8,0.0,33.23,65.81,0.96,0.07,0.02,0.05,0.0,0.0
59,2562,True,950.42,650.34,299.75,0.33,79015.81,68.43,31.54,0.03,0.35,0.24,0.11,0.0,0.08
10,2562,True,721.82,253.62,276.78,191.42,362289.55,35.14,38.34,26.52,0.26,0.09,0.1,0.07,0.36
18,2562,True,709.73,398.91,16.5,294.32,162719.15,56.21,2.32,41.47,0.26,0.15,0.01,0.1,0.16
8,2562,True,240.9,118.17,69.53,53.2,7250.0,49.05,28.86,22.08,0.09,0.04,0.03,0.02,0.0
57,2562,True,806.83,599.11,56.0,151.72,68690.0,74.25,6.94,18.8,0.29,0.22,0.02,0.05,0.07
67,2562,True,1386.66,768.15,257.65,360.86,100159.95,55.4,18.58,26.02,0.51,0.28,0.09,0.14,0.1
21,2562,True,1326.5,771.77,91.22,463.51,0.0,58.18,6.88,34.94,0.48,0.28,0.03,0.17,0.0
51,2562,True,573.94,398.25,108.18,67.51,0.0,69.39,18.85,11.76,0.21,0.15,0.04,0.02,0.0
31,2562,True,504.1,272.52,152.43,79.15,9016.57,54.06,30.24,15.7,0.18,0.1,0.06,0.02,0.0
27,2562,True,496.65,315.89,73.51,107.25,8640.75,63.6,14.8,21.59,0.18,0.12,0.03,0.03,0.0
26,2562,True,361.89,264.22,50.13,47.54,2367.0,73.01,13.85,13.14,0.13,0.1,0.02,0.01,0.0
29,2562,True,1634.28,960.57,355.0,318.71,12716.45,58.78,21.72,19.5,0.6,0.35,0.13,0.12,0.01
41,2562,True,437.57,267.96,67.4,102.21,0.0,61.24,15.4,23.36,0.16,0.1,0.02,0.04,0.0
48,2562,True,285.55,47.37,96.77,141.41,0.0,16.59,33.89,49.52,0.1,0.02,0.04,0.04,0.0
23,2562,True,1800.67,1214.38,338.79,247.5,1697.0,67.44,18.81,13.74,0.66,0.44,0.12,0.1,0.0
6,2562,True,280.88,136.36,135.51,9.01,0.0,48.55,48.24,3.21,0.1,0.05,0.05,0.0,0.0
45,2562,True,592.43,155.3,193.88,243.25,0.0,26.21,32.73,41.06,0.22,0.06,0.07,0.09,0.0
38,2562,True,1647.86,345.07,1204.07,98.72,0.0,20.94,73.07,5.99,0.6,0.13,0.44,0.03,0.0
61,2562,True,486.54,246.37,116.82,123.35,165980.0,50.64,24.01,25.35,0.18,0.09,0.04,0.05,0.16
54,2562,True,950.6,495.37,111.01,344.22,71930.0,52.11,11.68,36.21,,,,,
30,2562,True,662.77,361.25,20.4,281.12,152294.85,54.51,3.08,42.42,0.24,0.13,0.01,0.1,0.15
42,2562,True,424.43,192.48,206.66,25.29,0.0,45.35,48.69,5.96,0.15,0.07,0.08,0.0,0.0
46,2562,True,169.55,44.51,9.44,115.6,70.0,26.25,5.57,68.18,0.06,0.02,0.0,0.04,0.0
64,2563,True,491.0,112.7,188.0,190.3,50680.0,22.95,38.29,38.76,0.18,0.04,0.07,0.07,0.05
1,2563,True,12281.7,3672.5,8609.2,0.0,0.0,29.9,70.1,0.0,4.5,1.34,3.16,0.0,0.0
56,2563,True,794.8,381.5,178.0,235.3,34568.0,48.0,22.4,29.6,0.29,0.14,0.07,0.08,0.0
34,2563,True,746.0,211.1,102.0,432.9,27533.0,28.3,13.67,58.03,0.27,0.08,0.04,0.15,0.03
49,2563,True,529.1,265.3,138.0,125.8,13500.0,50.14,26.08,23.78,0.19,0.1,0.05,0.04,0.01
28,2563,True,1221.4,363.8,549.0,308.6,32594.0,29.79,44.95,25.27,0.45,0.13,0.2,0.12,0.03
13,2563,True,485.3,109.2,37.0,339.1,5436.0,22.5,7.62,69.87,0.18,0.04,0.01,0.13,0.0
15,2563,True,674.9,133.7,10.0,531.2,59502.0,19.81,1.48,78.71,0.25,0.05,0.0,0.2,0.06
11,2563,True,2683.7,249.7,1410.0,1024.0,224710.0,9.3,52.54,38.16,0.98,0.09,0.52,0.37,0.22
9,2563,True,289.5,127.5,60.0,102.0,1917.0,44.04,20.73,35.23,0.11,0.05,0.02,0.04,0.0
25,2563,True,939.5,406.1,87.0,446.4,10000.0,43.23,9.26,47.51,0.34,0.15,0.03,0.16,0.01
69,2563,True,414.9,133.8,34.0,247.1,12695.0,32.25,8.19,59.56,0.15,0.05,0.01,0.09,0.01
72,2563,True,509.7,158.7,30.0,321.0,40501.0,31.14,5.89,62.98,0.19,0.06,0.01,0.12,0.04
14,2563,True,212.0,60.1,120.0,31.9,14095.0,28.35,56.6,15.05,0.08,0.02,0.04,0.02,0.01
50,2563,True,708.0,437.5,166.0,104.5,263.0,61.79,23.45,14.76,0.26,0.16,0.06,0.04,0.0
17,2563,True,213.4,78.0,29.0,106.4,15939.0,36.55,13.59,49.86,0.08,0.03,0.01,0.04,0.01
58,2563,True,1276.3,212.6,627.0,436.7,285979.0,16.66,49.13,34.22,0.47,0.08,0.23,0.16,0.28
36,2563,True,663.91,209.1,80.0,374.81,3555.0,31.5,12.05,56.45,0.24,0.08,0.03,0.13,0.0
19,2563,True,2337.3,1088.5,318.0,930.8,157578.0,46.57,13.61,39.82,0.4,0.15,0.02,0.23,0.16
63,2563,True,1100.6,405.3,50.0,645.3,695601.0,36.83,4.54,58.63,0.4,0.15,0.02,0.23,0.69
47,2563,True,787.9,353.9,336.0,98.0,0.0,44.92,42.65,12.44,0.29,0.13,0.12,0.04,0.0
3,2563,True,1960.9,460.0,1491.0,9.9,0.0,23.46,76.04,0.5,0.72,0.17,0.55,0.0,0.0
76,2563,True,744.5,397.2,101.0,246.3,37926.0,53.35,13.57,33.08,0.27,0.15,0.04,0.08,0.04
43,2563,True,286.1,131.1,91.0,64.0,4028.0,45.82,31.81,22.37,0.1,0.05,0.03,0.02,0.0
77,2563,True,305.0,163.6,46.0,95.4,6696.0,53.64,15.08,31.28,0.11,0.06,0.02,0.03,0.0
20,2563,True,1698.5,833.0,186.0,679.5,6949.0,49.04,10.95,40.01,0.62,0.3,0.07,0.25,0.0
4,2563,True,1719.6,166.6,196.0,1357.0,31570.0,9.69,11.4,78.91,0.63,0.06,0.07,0.5,0.03
62,2563,True,640.4,215.8,283.0,141.6,4958.0,33.7,44.19,22.11,0.23,0.08,0.1,0.05,0.0
16,2563,True,511.6,137.2,0.0,374.4,203407.0,26.82,0.0,73.18,0.19,0.05,0.0,0.14,0.2
74,2563,True,1023.3,144.6,89.0,789.7,8078.0,14.13,8.7,77.17,0.37,0.05,0.03,0.29,0.0
5,2563,True,1351.8,238.6,551.0,562.2,519195.0,17.65,40.76,41.59,0.49,0.09,0.2,0.2,0.52
44,2563,True,275.2,103.0,30.0,142.2,0.0,37.43,10.9,51.67,0.1,0.04,0.01,0.05,0.0
65,2563,True,243.1,44.0,101.0,98.1,36877.0,18.1,41.55,40.35,0.09,0.02,0.04,0.03,0.04
73,2563,True,353.0,155.5,112.0,85.5,4630.0,44.05,31.73,24.22,0.13,0.06,0.04,0.03,0.0
53,2563,True,324.7,170.0,131.0,23.7,900.0,52.36,40.34,7.3,0.12,0.06,0.05,0.01,0.0
52,2563,True,812.4,465.7,268.0,78.7,0.0,57.32,32.99,9.69,0.3,0.17,0.1,0.03,0.0
66,2563,True,994.5,107.3,833.0,54.2,0.0,10.79,83.76,5.45,0.36,0.04,0.3,0.02,0.0
32,2563,True,677.5,363.0,17.0,297.5,56886.0,53.58,2.51,43.91,0.25,0.13,0.01,0.11,0.06
37,2563,True,222.3,134.8,0.0,87.5,42.0,60.64,0.0,39.36,0.08,0.05,0.0,0.03,0.0
75,2563,True,434.6,163.9,155.0,115.7,0.0,37.71,35.66,26.62,0.16,0.06,0.06,0.04,0.0
24,2563,True,424.6,175.7,61.0,187.9,39.0,41.38,14.37,44.25,0.16,0.06,0.02,0.08,0.0
68,2563,True,277.0,52.8,0.0,224.2,5917.0,19.06,0.0,80.94,0.1,0.02,0.0,0.08,0.0
12,2563,True,1010.2,76.1,779.0,155.1,18772.0,7.53,77.11,15.35,0.37,0.03,0.29,0.05,0.02
55,2563,True,759.8,189.2,428.0,142.6,9559.0,24.9,56.33,18.77,0.28,0.07,0.16,0.05,0.01
33,2563,True,952.4,599.1,139.0,214.3,975.0,62.9,14.59,22.5,0.35,0.22,0.05,0.08,0.0
7,2563,True,798.6,284.1,33.0,481.5,271550.0,35.57,4.13,60.29,0.29,0.1,0.01,0.18,0.27
40,2563,True,483.9,120.2,244.0,119.7,1326.0,24.84,50.42,24.74,0.18,0.04,0.09,0.05,0.0
39,2563,True,265.6,113.5,70.0,82.1,0.0,42.73,26.36,30.91,0.1,0.04,0.03,0.03,0.0
22,2563,True,946.0,410.7,165.0,370.3,0.0,43.41,17.44,39.14,0.35,0.15,0.06,0.14,0.0
35,2563,True,896.1,497.3,123.0,275.8,4148.0,55.5,13.73,30.78,0.33,0.18,0.05,0.1,0.0
70,2563,True,1140.3,337.1,700.0,103.2,0.0,29.56,61.39,9.05,0.42,0.12,0.26,0.04,0.0
71,2563,True,302.5,208.0,77.0,17.5,5045.0,68.76,25.45,5.79,0.11,0.08,0.03,0.0,0.0
2,2563,True,2341.5,134.3,500.0,1707.2,0.0,5.74,21.35,72.91,0.86,0.05,0.18,0.63,0.0
60,2563,True,177.1,42.2,86.0,48.9,0.0,23.83,48.56,27.61,0.06,0.02,0.03,0.01,0.0
59,2563,True,839.1,72.1,767.0,0.0,2925.0,8.59,91.41,0.0,0.31,0.03,0.28,0.0,0.0
10,2563,True,631.7,144.65,264.0,223.05,335836.0,22.9,41.79,35.31,0.23,0.05,0.1,0.08,0.33
18,2563,True,436.7,184.3,19.0,233.4,106962.0,42.2,4.35,53.45,0.16,0.07,0.01,0.08,0.1
8,2563,True,140.0,54.9,25.0,60.1,23000.0,39.21,17.86,42.93,0.05,0.02,0.01,0.02,0.02
57,2563,True,691.0,278.6,64.0,348.4,46276.0,40.32,9.26,50.42,0.25,0.1,0.02,0.13,0.05
67,2563,True,1034.8,333.2,16.0,685.6,204447.0,32.2,1.55,66.25,0.38,0.12,0.01,0.25,0.2
21,2563,True,1104.4,766.7,54.0,283.7,2777.0,69.42,4.89,25.69,0.4,0.28,0.02,0.1,0.0
51,2563,True,373.1,181.3,178.0,13.8,0.0,48.59,47.71,3.7,0.14,0.07,0.07,0.0,0.0
31,2563,True,784.5,267.0,142.0,375.5,8174.0,34.03,18.1,47.86,0.29,0.1,0.05,0.14,0.0
27,2563,True,355.8,143.4,60.0,152.4,0.0,40.3,16.86,42.83,0.13,0.05,0.02,0.06,0.0
26,2563,True,221.3,113.4,43.0,64.9,62.0,51.24,19.43,29.33,0.08,0.04,0.02,0.02,0.0
29,2563,True,1072.0,366.4,360.0,345.6,1616.0,34.18,33.58,32.24,0.39,0.13,0.13,0.13,0.0
41,2563,True,319.8,164.6,76.0,79.2,0.0,51.47,23.76,24.77,0.12,0.06,0.03,0.03,0.0
48,2563,True,209.1,120.1,58.0,31.0,0.0,57.44,27.74,14.83,0.08,0.05,0.02,0.01,0.0
23,2563,True,1611.2,838.6,366.0,406.6,60.0,52.05,22.72,25.24,0.59,0.31,0.13,0.15,0.0
6,2563,True,377.0,245.0,0.0,132.0,0.0,64.99,0.0,35.01,0.14,0.09,0.0,0.05,0.0
45,2563,True,776.4,408.2,203.0,165.2,0.0,52.58,26.15,21.28,0.28,0.15,0.07,0.06,0.0
38,2563,True,1434.4,309.1,596.0,529.21,0.0,21.55,41.55,36.89,0.52,0.11,0.22,0.19,0.0
61,2563,True,438.6,105.4,103.0,230.2,301380.0,24.03,23.48,52.49,0.16,0.04,0.04,0.08,0.3
54,2563,True,742.1,237.4,120.0,384.7,71930.0,31.99,16.17,51.84,0.27,0.09,0.04,0.14,0.07
30,2563,True,541.8,288.4,23.0,230.4,208773.0,53.23,4.25,42.52,0.2,0.11,0.01,0.08,0.21
42,2563,True,303.1,129.0,156.0,18.1,5340.0,42.56,51.47,5.97,0.11,0.05,0.06,0.0,0.0
46,2563,True,168.6,76.45,24.0,68.15,0.0,45.34,14.23,40.42,0.06,0.03,0.01,0.02,0.0
64,2564,True,435.0,111.0,150.0,174.0,51977.0,25.52,34.48,40.0,0.16,0.04,0.05,0.06,0.05
1,2564,True,12214.0,3564.0,8650.0,0.0,0.0,29.18,70.82,0.0,4.46,1.3,3.16,,
56,2564,True,849.0,403.0,150.0,296.0,49374.0,47.47,17.67,34.86,0.31,0.15,0.05,0.11,0.05
34,2564,True,738.0,243.0,130.0,365.0,0.0,32.93,17.62,49.46,0.27,0.09,0.05,0.13,
49,2564,True,543.0,256.0,120.0,167.0,0.0,47.15,22.1,30.76,,,,,
28,2564,True,1289.0,395.0,530.0,364.0,25267.0,30.64,41.12,28.24,0.47,1.44,0.19,0.13,0.03
13,2564,True,495.0,151.0,47.0,297.0,96630.0,30.51,9.49,60.0,0.18,0.14,0.02,0.11,0.1
15,2564,True,771.0,143.0,276.0,352.0,79238.0,18.55,35.8,45.65,0.28,0.05,0.1,0.13,0.08
11,2564,True,2750.0,290.0,2037.0,423.0,824618.0,10.55,74.07,15.38,1.0,1.0,0.74,0.15,0.77
9,2564,True,289.0,129.0,93.0,67.0,6158.0,44.64,32.18,23.18,0.11,0.05,0.03,0.02,0.01
25,2564,True,896.0,439.0,12.0,445.0,24962.0,49.0,1.34,49.67,0.33,0.16,0.0,0.16,0.02
69,2564,True,416.0,145.0,50.0,221.0,61287.0,34.86,12.02,53.12,0.15,0.05,0.02,0.08,0.16
72,2564,True,452.0,154.0,137.0,161.0,42368.0,34.07,30.31,35.62,0.16,0.01,0.05,0.06,0.04
14,2564,True,202.0,31.0,94.0,77.0,15804.0,15.35,46.53,38.12,0.07,0.01,0.03,0.03,0.02
50,2564,True,711.0,333.0,140.0,238.0,171.0,46.84,19.69,33.47,0.26,0.12,0.05,0.09,0.0
17,2564,True,217.0,72.0,27.0,118.0,24675.0,33.18,12.44,54.38,0.08,0.03,0.01,0.04,0.02
58,2564,True,1225.0,214.0,570.0,441.0,144505.0,17.47,46.53,36.0,0.45,0.08,0.21,0.16,0.14
36,2564,True,450.0,199.0,60.0,191.0,4504.0,44.22,13.33,42.44,0.16,0.07,0.02,0.07,0.0
19,2564,True,2271.0,1129.0,556.0,586.0,146558.0,49.71,24.48,25.8,0.83,0.41,0.2,0.21,0.15
63,2564,True,1150.0,408.0,29.0,713.0,1248620.0,35.48,2.52,62.0,0.42,0.15,0.01,0.26,1.25
47,2564,True,815.0,353.0,361.0,101.0,0.0,43.31,44.29,12.39,0.3,0.13,0.13,0.04,
3,2564,True,1989.0,407.0,1582.0,0.0,0.0,20.46,79.54,0.0,0.73,0.15,0.58,,
76,2564,True,745.0,408.0,100.0,237.0,50229.0,54.77,13.42,31.81,0.27,0.15,0.04,0.09,0.05
43,2564,True,276.0,139.0,74.0,63.0,10603.0,50.36,26.81,22.83,0.1,0.05,0.03,0.02,0.01
77,2564,True,280.0,91.0,67.0,122.0,3404.0,32.5,23.93,43.57,0.1,0.03,0.02,0.04,0.0
20,2564,True,1380.0,505.0,167.0,708.0,15428.0,36.59,12.1,51.3,0.5,0.18,0.2,0.21,0.15
4,2564,True,1714.0,161.0,495.0,1058.0,126630.0,9.39,28.88,61.73,0.63,0.06,0.18,0.39,0.13
62,2564,True,610.0,226.0,155.0,229.0,7604.0,37.05,25.41,37.54,0.22,0.82,0.06,0.08,0.01
16,2564,True,485.0,101.0,0.0,384.0,199373.0,20.82,0.0,79.18,0.18,0.04,,0.14,0.2
74,2564,True,662.0,123.0,116.0,423.0,8211.0,18.58,17.52,63.9,,,,,
5,2564,True,1287.0,197.0,644.0,446.0,398683.0,15.31,50.04,34.65,0.47,0.07,0.24,0.16,0.4
44,2564,True,285.0,122.0,30.0,133.0,7660.0,42.81,10.53,46.67,0.1,0.04,0.01,0.05,0.01
65,2564,True,242.0,41.0,39.0,162.0,111406.0,16.94,16.12,66.94,0.09,0.01,0.01,0.06,0.11
73,2564,True,381.0,192.0,3.0,186.0,62682.0,50.39,0.79,48.82,0.09,0.07,0.01,0.06,0.11
53,2564,True,327.0,138.0,54.0,135.0,0.0,42.2,16.51,41.28,0.12,0.05,0.02,0.05,
52,2564,True,815.0,458.0,244.0,113.0,0.0,56.2,29.94,13.87,0.3,0.17,0.09,0.04,
66,2564,True,722.0,58.0,612.0,52.0,0.0,8.03,84.76,7.2,0.26,0.02,0.22,0.02,
32,2564,True,610.0,310.0,0.0,300.0,91111.0,50.82,0.0,49.18,0.22,0.11,,0.11,0.09
37,2564,True,246.0,162.0,0.0,84.0,270000.0,65.85,0.0,34.15,0.09,0.06,,0.03,0.27
75,2564,True,410.0,180.0,162.0,68.0,0.0,43.9,39.51,16.59,0.15,0.07,0.06,0.02,
24,2564,True,441.0,208.0,73.0,160.0,1680.0,47.17,16.55,36.28,0.16,0.02,0.03,0.06,0.0
68,2564,True,235.0,48.0,0.0,187.0,10373.0,20.43,0.0,79.57,0.09,0.02,,0.07,0.01
12,2564,True,1086.0,105.0,910.0,71.0,10000.0,9.67,83.79,6.54,0.4,0.04,0.33,0.03,0.01
55,2564,True,697.0,142.0,340.0,215.0,20086.0,20.37,48.78,30.85,0.25,0.05,0.12,0.08,0.02
33,2564,True,938.0,467.0,135.0,336.0,1139.0,49.79,14.39,35.82,0.34,0.17,0.05,0.12,0.0
7,2564,True,872.0,191.0,0.0,681.0,240899.0,21.9,0.0,78.1,0.32,0.07,,0.25,0.24
40,2564,True,563.0,136.0,130.0,297.0,11128.0,24.16,23.09,52.75,0.21,0.05,0.05,0.11,0.01
39,2564,True,280.0,118.0,70.0,92.0,0.0,42.14,25.0,32.86,0.1,0.04,0.03,0.03,0.0
22,2564,True,835.0,393.0,135.0,307.0,4525.0,47.07,16.17,36.77,0.3,0.14,0.05,0.11,0.0
35,2564,True,890.0,480.0,123.0,287.0,4838.0,53.93,13.82,32.25,0.32,0.18,0.04,0.1,0.0
70,2564,True,1236.0,357.0,715.0,164.0,4041.0,28.88,57.85,13.27,0.45,0.13,0.26,0.06,0.0
71,2564,True,310.0,198.0,85.0,27.0,23.0,63.87,27.42,8.71,0.11,0.07,0.03,0.01,0.0
2,2564,True,2515.0,186.0,0.0,2329.0,1200000.0,7.4,0.0,92.6,0.92,0.07,,0.85,1.2
60,2564,True,178.0,35.0,100.0,43.0,0.0,19.66,56.18,24.16,0.06,0.01,0.04,0.02,
59,2564,True,868.0,64.0,757.0,47.0,0.0,7.37,87.21,5.41,0.32,0.23,0.28,0.02,
10,2564,True,621.0,133.0,287.0,201.0,334060.0,21.42,46.22,32.37,0.23,0.05,0.1,0.07,0.33
18,2564,True,493.0,217.0,0.0,276.0,117178.0,44.02,0.0,55.98,0.18,0.08,,0.1,0.12
8,2564,True,154.0,53.0,22.0,79.0,26066.0,34.42,14.29,51.3,0.06,0.02,0.01,0.03,0.03
57,2564,True,755.0,278.0,60.0,417.0,81445.0,36.82,7.95,55.23,0.28,0.1,0.02,0.15,0.08
67,2564,True,988.0,307.0,0.0,681.0,587826.0,31.07,0.0,68.93,0.36,0.11,,0.25,0.59
21,2564,True,1139.0,734.0,55.0,350.0,1737.0,64.44,4.83,30.73,0.42,0.27,0.02,0.13,0.0
51,2564,True,421.0,203.0,74.0,144.0,60000.0,48.22,17.58,34.2,0.15,0.07,0.03,0.05,0.06
31,2564,True,654.0,125.0,133.0,396.0,6708.0,19.11,20.34,60.55,0.24,0.05,0.05,0.14,0.01
27,2564,True,325.0,130.0,60.0,135.0,113.0,40.0,18.46,41.54,0.12,0.05,0.02,0.05,0.0
26,2564,True,218.0,98.0,0.0,120.0,110000.0,44.95,0.0,55.05,0.08,0.04,,0.04,0.11
29,2564,True,1127.0,383.0,386.0,358.0,2143.0,33.98,34.25,31.77,0.41,0.14,0.14,0.13,0.0
41,2564,True,332.0,169.0,68.0,95.0,0.0,50.9,20.48,28.61,0.12,0.06,0.02,0.03,
48,2564,True,204.0,95.0,70.0,39.0,0.0,46.57,34.31,19.12,0.07,0.03,0.03,0.01,
23,2564,True,1580.0,841.0,420.0,319.0,9400.0,53.23,26.58,20.19,0.58,0.31,0.15,0.12,0.01
6,2564,True,235.0,50.0,150.0,35.0,0.0,21.28,63.83,14.89,0.09,0.02,0.05,0.01,
45,2564,True,834.0,425.0,170.0,239.0,0.0,50.96,20.38,28.66,0.03,0.16,0.06,0.09,
38,2564,True,1415.0,290.0,810.0,315.0,450.0,20.49,57.24,22.26,0.52,0.11,0.3,0.11,0.0
61,2564,True,487.0,103.0,186.0,198.0,195138.0,21.15,38.19,40.66,0.18,0.04,0.07,0.07,0.2
54,2564,True,637.0,209.0,113.0,315.0,32000.0,32.81,17.74,49.45,0.23,0.08,0.04,0.11,0.03
30,2564,True,595.0,280.0,0.0,315.0,209913.0,47.06,0.0,52.94,0.22,0.1,,0.11,0.21
42,2564,True,426.0,121.0,0.0,305.0,9005.0,28.4,0.0,71.6,0.16,0.04,,0.11,0.0
46,2564,True,206.0,69.0,25.0,112.0,0.0,33.5,12.14,54.37,0.08,0.03,0.01,0.04,
64,2565,True,495.0,181.0,130.0,184.0,58280.0,36.57,26.26,37.17,,,,,
1,2565,True,12890.0,3840.0,9050.0,0.0,0.0,29.79,70.21,0.0,,,,,
56,2565,True,657.0,257.0,110.0,290.0,109475.0,39.12,16.74,44.14,,,,,
34,2565,True,735.0,280.0,110.0,345.0,90050.0,38.1,14.97,46.94,,,,,
49,2565,True,514.0,270.0,132.0,112.0,20000.0,52.53,25.68,21.79,,,,,
28,2565,True,1348.0,390.0,594.0,364.0,618640.0,28.93,44.07,27.0,,,,,
13,2565,True,540.0,120.0,44.0,376.0,659000.0,22.22,8.15,69.63,,,,,
15,2565,True,704.0,130.0,320.0,254.0,108300.0,18.47,45.45,36.08,,,,,
11,2565,True,3107.0,250.0,2370.0,487.0,470550.0,8.05,76.28,15.67,,,,,
9,2565,True,333.0,180.0,80.0,73.0,10620.0,54.05,24.02,21.92,,,,,
25,2565,True,880.0,450.0,0.0,430.0,29400.0,51.14,0.0,48.86,,,,,
69,2565,True,446.0,200.0,60.0,186.0,69500.0,44.84,13.45,41.7,,,,,
72,2565,True,450.0,167.0,123.0,160.0,43900.0,37.11,27.33,35.56,,,,,
14,2565,True,191.0,40.0,75.0,76.0,36500.0,20.94,39.27,39.79,,,,,
50,2565,True,773.0,444.0,130.0,199.0,0.0,57.44,16.82,25.74,,,,,
17,2565,True,243.0,65.0,30.0,148.0,19440.0,26.75,12.35,60.91,,,,,
58,2565,True,1144.0,120.0,630.0,394.0,151675.0,10.49,55.07,34.44,,,,,
36,2565,True,650.0,457.0,50.0,143.0,4650.0,70.31,7.69,22.0,,,,,
19,2565,True,2228.0,1000.0,580.0,648.0,160200.0,44.88,26.03,29.08,,,,,
63,2565,True,1402.0,700.0,26.0,676.0,1346950.0,49.93,1.85,48.22,,,,,
47,2565,True,836.0,390.0,304.0,142.0,19120.0,46.65,36.36,16.99,,,,,
3,2565,True,2012.0,465.0,1547.0,0.0,0.0,23.11,76.89,0.0,,,,,
76,2565,True,725.0,380.0,110.0,235.0,66550.0,52.41,15.17,32.41,,,,,
43,2565,True,258.0,140.0,60.0,58.0,0.0,54.26,23.26,22.48,,,,,
77,2565,True,323.0,170.0,85.0,68.0,0.0,52.63,26.32,21.05,,,,,
20,2565,True,1072.0,500.0,110.0,462.0,9170.0,46.64,10.26,43.1,,,,,
4,2565,True,1950.0,350.0,605.0,995.0,131760.0,17.95,31.03,51.03,,,,,
62,2565,True,612.0,200.0,209.0,203.0,22200.0,32.68,34.15,33.17,,,,,
16,2565,True,448.0,90.0,0.0,358.0,222900.0,20.09,0.0,79.91,,,,,
74,2565,True,366.0,130.0,125.0,111.0,6560.0,35.52,34.15,30.33,,,,,
5,2565,True,1100.0,190.0,580.0,330.0,416630.0,17.27,52.73,30.0,,,,,
44,2565,True,267.0,160.0,24.0,83.0,12910.0,59.93,8.99,31.09,,,,,
65,2565,True,286.0,97.0,37.0,152.0,118300.0,33.92,12.94,53.15,,,,,
73,2565,True,448.0,220.0,0.0,228.0,70950.0,49.11,0.0,50.89,,,,,
53,2565,True,336.0,165.0,72.0,99.0,9645.0,49.11,21.43,29.46,,,,,
52,2565,True,846.0,504.0,260.0,82.0,0.0,59.57,30.73,9.69,,,,,
66,2565,True,742.0,74.0,668.0,0.0,0.0,9.97,90.03,0.0,,,,,
32,2565,True,589.0,330.0,45.0,214.0,482100.0,56.03,7.64,36.33,,,,,
37,2565,True,260.0,142.0,0.0,118.0,294150.0,54.62,0.0,45.38,,,,,
75,2565,True,350.0,113.0,200.0,37.0,0.0,32.29,57.14,10.57,,,,,
24,2565,True,417.0,278.0,67.0,72.0,350.0,66.67,16.07,17.27,,,,,
68,2565,True,232.0,140.0,0.0,92.0,15900.0,60.34,0.0,39.66,,,,,
12,2565,True,1140.0,200.0,838.0,102.0,0.0,17.54,73.51,8.95,,,,,
55,2565,True,798.0,280.0,410.0,108.0,28660.0,35.09,51.38,13.53,,,,,
33,2565,True,981.0,550.0,100.0,331.0,37080.0,56.07,10.19,33.74,,,,,
7,2565,True,795.0,210.0,0.0,585.0,310060.0,26.42,0.0,73.58,,,,,
40,2565,True,447.0,145.0,225.0,77.0,0.0,32.44,50.34,17.23,,,,,
39,2565,True,296.0,140.0,50.0,106.0,0.0,47.3,16.89,35.81,,,,,
22,2565,True,601.0,220.0,152.0,229.0,1000.0,36.61,25.29,38.1,,,,,
35,2565,True,843.0,500.0,130.0,213.0,4470.0,59.31,15.42,25.27,,,,,
70,2565,True,1207.0,320.0,730.0,157.0,141870.0,26.51,60.48,13.01,,,,,
71,2565,True,320.0,166.0,93.0,61.0,150.0,51.88,29.06,19.06,,,,,
2,2565,True,3120.0,290.0,300.0,2530.0,1930000.0,9.29,9.62,81.09,,,,,
60,2565,True,190.0,54.0,126.0,10.0,0.0,28.42,66.32,5.26,,,,,
59,2565,True,908.0,150.0,748.0,10.0,15020.0,16.52,82.38,1.1,,,,,
10,2565,True,647.0,120.0,300.0,227.0,236160.0,18.55,46.37,35.09,,,,,
18,2565,True,435.0,180.0,0.0,255.0,176755.0,41.38,0.0,58.62,,,,,
8,2565,True,186.0,45.0,64.0,77.0,7100.0,24.19,34.41,41.4,,,,,
57,2565,True,786.0,350.0,118.0,318.0,81450.0,44.53,15.01,40.46,,,,,
67,2565,True,1215.0,550.0,0.0,665.0,69800.0,45.27,0.0,54.73,,,,,
21,2565,True,1170.0,750.0,60.0,360.0,940.0,64.1,5.13,30.77,,,,,
51,2565,True,560.0,383.0,123.0,54.0,60000.0,68.39,21.96,9.64,,,,,
31,2565,True,485.0,200.0,130.0,155.0,7400.0,41.24,26.8,31.96,,,,,
27,2565,True,285.0,125.0,55.0,105.0,124000.0,43.86,19.3,36.84,,,,,
26,2565,True,363.0,112.0,0.0,251.0,110500.0,30.85,0.0,69.15,,,,,
29,2565,True,1368.0,600.0,405.0,363.0,1570.0,43.86,29.61,26.54,,,,,
41,2565,True,423.0,260.0,86.0,77.0,0.0,61.47,20.33,18.2,,,,,
48,2565,True,243.0,130.0,60.0,53.0,1000.0,53.5,24.69,21.81,,,,,
23,2565,True,1654.0,954.0,500.0,200.0,8000.0,57.68,30.23,12.09,,,,,
6,2565,True,175.0,50.0,0.0,125.0,200000.0,28.57,0.0,71.43,,,,,
45,2565,True,930.0,300.0,160.0,470.0,35000.0,32.26,17.2,50.54,,,,,
38,2565,True,1445.0,359.0,810.0,276.0,450.0,24.84,56.06,19.1,,,,,
61,2565,True,454.0,76.0,220.0,158.0,112050.0,16.74,48.46,34.8,,,,,
54,2565,True,587.0,225.0,124.0,238.0,31000.0,38.33,21.12,40.55,,,,,
30,2565,True,630.0,250.0,0.0,380.0,259960.0,39.68,0.0,60.32,,,,,
42,2565,True,324.0,140.0,0.0,184.0,545.0,43.21,0.0,56.79,0.12,0.05,0.0,0.07,0.0
46,2565,True,195.0,50.0,20.0,125.0,0.0,25.64,10.26,64.1,,,,,
64,2566,True,523.0,170.0,150.0,203.0,61736.0,32.5,28.68,38.81,0.19,0.06,0.05,0.07,0.06
1,2566,True,12748.0,3940.0,8808.0,0.0,0.0,30.91,69.09,0.0,4.65,1.44,3.21,0.0,0.0
56,2566,True,698.0,317.0,204.0,177.0,126518.0,45.42,29.23,25.36,0.25,0.12,0.07,0.06,0.13
34,2566,True,670.0,250.0,110.0,310.0,99358.0,37.31,16.42,46.27,0.24,0.09,0.04,0.11,0.1
49,2566,True,463.0,220.0,131.0,112.0,23565.0,47.52,28.29,24.19,0.17,0.08,0.05,0.04,0.02
28,2566,True,1402.0,400.0,560.0,442.0,68859.0,28.53,39.94,31.53,0.51,0.15,0.2,0.16,0.07
13,2566,True,527.0,114.0,105.0,308.0,70795.0,21.63,19.92,58.44,0.19,0.04,0.04,0.11,0.07
15,2566,True,683.0,160.0,315.0,208.0,116975.0,23.43,46.12,30.45,0.25,0.06,0.11,0.08,0.12
11,2566,True,3374.0,230.0,2333.0,811.0,205980.0,6.82,69.15,24.04,1.23,0.08,0.85,0.3,0.21
9,2566,True,332.0,150.0,77.0,105.0,22440.0,45.18,23.19,31.63,0.12,0.05,0.03,0.04,0.02
25,2566,True,1028.0,530.0,19.0,479.0,73110.0,51.56,1.85,46.6,0.38,0.19,0.01,0.17,0.07
69,2566,True,507.0,230.0,51.0,226.0,89460.0,45.36,10.06,44.58,0.19,0.08,0.02,0.08,0.09
72,2566,True,515.0,180.0,114.0,221.0,20076.0,34.95,22.14,42.91,0.19,0.07,0.04,0.08,0.02
14,2566,True,206.0,50.0,82.0,74.0,42100.0,24.27,39.81,35.92,0.08,0.02,0.03,0.03,0.04
50,2566,True,653.0,379.0,172.0,102.0,0.0,58.04,26.34,15.62,0.24,0.14,0.06,0.04,0.0
17,2566,True,242.0,117.0,10.0,115.0,21545.0,48.35,4.13,47.52,0.09,0.04,0.0,0.04,0.02
58,2566,True,1239.0,200.0,615.0,424.0,155637.0,16.14,49.64,34.22,0.45,0.07,0.22,0.15,0.16
36,2566,True,663.0,400.0,55.0,208.0,10630.0,60.33,8.3,31.37,0.24,0.15,0.02,0.08,0.01
19,2566,True,2588.0,1053.0,678.0,857.0,558240.0,40.69,26.2,33.11,0.94,0.38,0.25,0.31,0.56
63,2566,True,1163.0,476.0,33.0,654.0,1419701.0,40.93,2.84,56.23,0.42,0.17,0.01,0.24,1.42
47,2566,True,897.0,395.0,355.0,147.0,32258.0,44.04,39.58,16.39,0.33,0.14,0.13,0.05,0.03
3,2566,True,2065.0,465.0,1600.0,0.0,0.0,22.52,77.48,0.0,0.75,0.17,0.58,0.0,0.0
76,2566,True,772.0,404.0,112.0,256.0,32534.0,52.33,14.51,33.16,0.28,0.15,0.04,0.09,0.03
43,2566,True,260.0,139.0,60.0,61.0,305.0,53.46,23.08,23.46,0.09,0.05,0.02,0.02,0.0
77,2566,True,318.0,173.0,65.0,80.0,15618.0,54.4,20.44,25.16,0.12,0.06,0.02,0.03,0.02
20,2566,True,1314.0,597.0,107.0,610.0,12265.0,45.43,8.14,46.42,0.48,0.22,0.04,0.22,0.01
4,2566,True,2060.0,590.0,620.0,850.0,52645.0,28.64,30.1,41.26,0.75,0.22,0.23,0.31,0.05
62,2566,True,616.0,200.0,258.0,158.0,24784.0,32.47,41.88,25.65,0.22,0.07,0.09,0.06,0.02
16,2566,True,451.0,100.0,0.0,351.0,256040.0,22.17,0.0,77.83,0.16,0.04,0.0,0.13,0.26
74,2566,True,693.0,362.0,125.0,206.0,6194.0,52.24,18.04,29.73,0.25,0.13,0.05,0.08,0.01
5,2566,True,1200.0,280.0,262.0,658.0,551582.0,23.33,21.83,54.83,0.44,0.1,0.1,0.24,0.55
44,2566,True,271.0,138.0,30.0,103.0,9275.0,50.92,11.07,38.01,0.1,0.05,0.01,0.04,0.01
65,2566,True,301.0,83.0,76.0,142.0,131800.0,27.57,25.25,47.18,0.11,0.03,0.03,0.05,0.13
73,2566,True,455.0,230.0,0.0,225.0,74316.0,50.55,0.0,49.45,0.17,0.08,0.0,0.08,0.07
53,2566,True,344.0,170.0,69.0,105.0,17130.0,49.42,20.06,30.52,0.13,0.06,0.03,0.04,0.02
52,2566,True,857.0,512.0,251.0,94.0,0.0,59.74,29.29,10.97,0.31,0.19,0.09,0.03,0.0
66,2566,True,961.0,93.0,868.0,0.0,0.0,9.68,90.32,0.0,0.35,0.03,0.32,0.0,0.0
32,2566,True,613.0,350.0,0.0,263.0,551316.0,57.1,0.0,42.9,0.22,0.13,0.0,0.1,0.55
37,2566,True,287.0,171.0,0.0,116.0,292243.0,59.58,0.0,40.42,0.1,0.06,0.0,0.04,0.29
75,2566,True,350.0,135.0,198.0,17.0,0.0,38.57,56.57,4.86,0.13,0.05,0.07,0.01,0.0
24,2566,True,436.0,219.0,76.0,141.0,168.0,50.23,17.43,32.34,0.16,0.08,0.03,0.05,0.0
68,2566,True,236.0,100.0,0.0,136.0,29039.0,42.37,0.0,57.63,0.09,0.04,0.0,0.05,0.03
12,2566,True,1370.0,250.0,1023.0,97.0,0.0,18.25,74.67,7.08,0.5,0.09,0.37,0.04,0.0
55,2566,True,773.0,266.0,412.0,95.0,83441.0,34.41,53.3,12.29,0.28,0.1,0.15,0.03,0.08
33,2566,True,985.0,590.0,90.0,305.0,46138.0,59.9,9.14,30.96,0.36,0.22,0.03,0.11,0.05
7,2566,True,794.0,200.0,0.0,594.0,246592.0,25.19,0.0,74.81,0.29,0.07,0.0,0.22,0.25
40,2566,True,450.0,117.0,230.0,103.0,4031.0,26.0,51.11,22.89,0.16,0.04,0.08,0.04,0.0
39,2566,True,306.0,110.0,95.0,101.0,0.0,35.95,31.05,33.01,0.11,0.04,0.03,0.04,0.0
22,2566,True,864.0,477.0,180.0,207.0,16023.0,55.21,20.83,23.96,0.32,0.17,0.07,0.08,0.02
35,2566,True,872.0,510.0,145.0,217.0,4300.0,58.49,16.63,24.89,0.32,0.19,0.05,0.08,0.0
70,2566,True,1599.0,420.0,509.0,670.0,104336.0,26.27,31.83,41.9,0.58,0.15,0.19,0.24,0.1
71,2566,True,335.0,179.0,89.0,67.0,150.0,53.43,26.57,20.0,0.12,0.07,0.03,0.02,0.0
2,2566,True,3465.0,250.0,893.0,2322.0,20000000.0,7.22,25.77,67.01,1.26,0.09,0.33,0.85,20.0
60,2566,True,203.0,50.0,140.0,13.0,0.0,24.63,68.97,6.4,0.07,0.02,0.05,0.0,0.0
59,2566,True,996.0,221.0,765.0,10.0,15180.0,22.19,76.81,1.0,0.36,0.08,0.28,0.0,0.02
10,2566,True,642.0,190.0,304.0,148.0,226755.0,29.6,47.35,23.05,0.23,0.07,0.11,0.05,0.23
18,2566,True,462.0,200.0,0.0,262.0,191825.0,43.29,0.0,56.71,0.17,0.07,0.0,0.1,0.15
8,2566,True,185.0,51.0,60.0,74.0,21573.0,27.57,32.43,40.0,0.07,0.02,0.02,0.03,0.02
57,2566,True,837.0,400.0,193.0,244.0,82289.0,47.79,23.06,29.15,0.31,0.15,0.07,0.09,0.08
67,2566,True,1295.0,504.0,0.0,791.0,401015.0,38.92,0.0,61.08,0.47,0.18,0.0,0.29,0.4
21,2566,True,1223.0,800.0,66.0,357.0,775.0,65.41,5.4,29.19,0.45,0.29,0.02,0.13,0.0
51,2566,True,553.0,360.0,128.0,65.0,60000.0,65.1,23.15,11.75,0.2,0.13,0.05,0.02,0.06
31,2566,True,490.0,195.0,154.0,141.0,8060.0,39.8,31.43,28.78,0.18,0.07,0.06,0.05,0.01
27,2566,True,299.0,131.0,68.0,100.0,211005.0,43.81,22.74,33.44,0.11,0.05,0.02,0.04,0.21
26,2566,True,223.0,120.0,40.0,63.0,60000.0,53.81,17.94,28.25,0.08,0.04,0.01,0.02,0.06
29,2566,True,1452.0,700.0,413.0,339.0,1998.0,48.21,28.44,23.35,0.53,0.26,0.15,0.12,0.0
41,2566,True,416.0,266.0,75.0,75.0,0.0,63.94,18.03,18.03,0.15,0.1,0.03,0.03,0.0
48,2566,True,249.0,122.0,68.0,59.0,960.0,49.0,27.31,23.69,0.09,0.04,0.02,0.02,0.0
23,2566,True,1514.0,796.0,422.0,296.0,56273.0,52.58,27.87,19.55,0.55,0.29,0.15,0.11,0.06
6,2566,True,173.0,41.0,130.0,2.0,80000.0,23.7,75.14,1.16,0.06,0.01,0.05,0.0,0.08
45,2566,True,874.0,280.0,150.0,444.0,30000.0,32.04,17.16,50.8,0.32,0.1,0.05,0.16,0.03
38,2566,True,1475.0,300.0,750.0,425.0,450.0,20.34,50.85,28.81,0.54,0.11,0.27,0.16,0.0
61,2566,True,528.0,100.0,236.0,192.0,68821.0,18.94,44.7,36.36,0.19,0.04,0.09,0.07,0.07
54,2566,True,795.0,412.0,138.0,245.0,33000.0,51.82,17.36,30.82,0.29,0.15,0.05,0.09,0.03
30,2566,True,632.0,255.0,0.0,377.0,286589.0,40.35,0.0,59.65,0.23,0.09,0.0,0.14,0.29
42,2566,True,315.0,120.0,110.0,85.0,477.0,38.1,34.92,26.98,0.11,0.04,0.04,0.03,0.0
46,2566,True,215.0,55.0,40.0,120.0,0.0,25.58,18.6,55.81,0.08,0.02,0.01,0.04,0.0
64,2567,True,558.0,173.0,174.0,211.0,58307.0,31.0,31.18,37.81,0.2,0.06,0.06,0.08,0.06
1,2567,True,12847.0,3940.0,8907.0,0.0,0.0,30.67,69.33,0.0,4.69,1.44,3.25,0.0,0.0
56,2567,True,875.0,480.0,19.0,376.0,194417.0,54.86,2.17,42.97,0.32,0.18,0.01,0.14,0.19
34,2567,True,530.0,233.0,107.0,190.0,74136.0,43.96,20.19,35.85,0.19,0.09,0.04,0.07,0.07
49,2567,True,522.0,286.0,130.0,106.0,23015.0,54.79,24.9,20.31,0.19,0.1,0.05,0.04,0.02
28,2567,True,1390.0,542.0,568.0,280.0,68459.0,38.99,40.86,20.14,0.51,0.2,0.21,0.1,0.07
13,2567,True,550.0,33.0,42.0,475.0,706352.0,6.0,7.64,86.36,0.2,0.01,0.02,0.17,0.71
15,2567,True,683.0,161.0,330.0,192.0,116960.0,23.57,48.32,28.11,0.25,0.06,0.12,0.07,0.12
11,2567,True,3228.0,960.0,1848.0,420.0,130540.0,29.74,57.25,13.01,1.18,0.35,0.67,0.15,0.13
9,2567,True,330.0,161.0,77.0,92.0,26390.0,48.79,23.33,27.88,0.12,0.06,0.03,0.03,0.03
25,2567,True,971.0,447.0,38.0,486.0,104125.0,46.04,3.91,50.05,0.35,0.16,0.01,0.18,0.1
69,2567,True,517.0,224.0,53.0,240.0,112592.0,43.33,10.25,46.42,0.19,0.08,0.02,0.09,0.11
72,2567,True,655.0,215.0,200.0,240.0,20076.0,32.82,30.53,36.64,0.24,0.08,0.07,0.09,0.02
14,2567,True,215.0,58.0,91.0,66.0,42200.0,26.98,42.33,30.7,0.08,0.02,0.03,0.02,0.04
50,2567,True,719.0,364.0,197.0,158.0,10000.0,50.63,27.4,21.97,0.26,0.13,0.07,0.06,0.01
17,2567,True,242.0,127.0,11.0,104.0,9484.0,52.48,4.55,42.98,0.09,0.05,0.0,0.04,0.01
58,2567,True,1368.0,276.0,689.0,403.0,155253.0,20.18,50.37,29.46,0.5,0.1,0.25,0.15,0.16
36,2567,True,672.0,483.0,3.0,186.0,21135.0,71.88,0.45,27.68,0.25,0.18,0.0,0.07,0.02
19,2567,True,2562.0,1470.0,660.0,432.0,536950.0,57.38,25.76,16.86,0.94,0.54,0.24,0.16,0.54
63,2567,True,1120.0,528.0,20.0,572.0,1545172.0,47.14,1.79,51.07,0.41,0.19,0.01,0.21,1.55
47,2567,True,885.0,424.0,310.0,151.0,31779.0,47.91,35.03,17.06,0.32,0.15,0.11,0.06,0.03
3,2567,True,2085.0,475.0,1610.0,0.0,0.0,22.78,77.22,0.0,0.76,0.17,0.59,0.0,0.0
76,2567,True,777.0,403.0,112.0,262.0,24640.0,51.87,14.41,33.72,0.28,0.15,0.04,0.1,0.02
43,2567,True,240.0,125.0,64.0,51.0,218.0,52.08,26.67,21.25,0.09,0.05,0.02,0.02,0.0
77,2567,True,323.0,179.0,67.0,77.0,4312.0,55.42,20.74,23.84,0.12,0.07,0.02,0.03,0.0
20,2567,True,1310.0,650.0,131.0,529.0,15322.0,49.62,10.0,40.38,0.48,0.24,0.05,0.19,0.02
4,2567,True,2080.0,600.0,650.0,830.0,52645.0,28.85,31.25,39.9,0.76,0.22,0.24,0.3,0.05
62,2567,True,593.0,168.0,253.0,172.0,30495.0,28.33,42.66,29.01,0.22,0.06,0.09,0.06,0.03
16,2567,True,460.0,107.0,0.0,353.0,336188.0,23.26,0.0,76.74,0.17,0.04,0.0,0.13,0.34
74,2567,True,697.0,420.0,125.0,152.0,7369.0,60.26,17.93,21.81,0.25,0.15,0.05,0.06,0.01
5,2567,True,1120.0,260.0,200.0,660.0,520964.0,23.21,17.86,58.93,0.41,0.09,0.07,0.24,0.52
44,2567,True,250.0,124.0,30.0,96.0,7256.0,49.6,12.0,38.4,0.09,0.05,0.01,0.04,0.01
65,2567,True,307.0,100.0,77.0,130.0,132619.0,32.57,25.08,42.35,0.11,0.04,0.03,0.05,0.13
73,2567,True,512.0,287.0,0.0,225.0,92391.0,56.05,0.0,43.95,0.19,0.1,0.0,0.08,0.09
53,2567,True,296.0,119.0,85.0,92.0,93830.0,40.2,28.72,31.08,0.11,0.04,0.03,0.03,0.09
52,2567,True,802.0,485.0,261.0,56.0,0.0,60.47,32.54,6.98,0.29,0.18,0.1,0.02,0.0
66,2567,True,1000.0,97.0,903.0,0.0,0.0,9.7,90.3,0.0,0.37,0.04,0.33,0.0,0.0
32,2567,True,613.0,364.0,0.0,249.0,551316.0,59.38,0.0,40.62,0.22,0.13,0.0,0.09,0.55
37,2567,True,294.0,177.0,0.0,117.0,292243.0,60.2,0.0,39.8,0.11,0.06,0.0,0.04,0.29
75,2567,True,350.0,135.0,200.0,15.0,0.0,38.57,57.14,4.29,0.13,0.05,0.07,0.01,0.0
24,2567,True,403.0,204.0,74.0,125.0,168.0,50.62,18.36,31.02,0.15,0.07,0.03,0.05,0.0
68,2567,True,234.0,109.0,0.0,125.0,61427.0,46.58,0.0,53.42,0.09,0.04,0.0,0.05,0.06
12,2567,True,1602.0,390.0,1188.0,24.0,0.0,24.34,74.16,1.5,0.58,0.14,0.43,0.01,0.0
55,2567,True,882.0,268.0,332.0,282.0,87519.0,30.39,37.64,31.97,0.32,0.1,0.12,0.1,0.09
33,2567,True,985.0,541.0,103.0,341.0,46139.0,54.92,10.46,34.62,0.36,0.2,0.04,0.12,0.05
7,2567,True,774.0,213.0,0.0,561.0,238622.0,27.52,0.0,72.48,0.28,0.08,0.0,0.2,0.24
40,2567,True,435.0,96.0,246.0,93.0,4897.0,22.07,56.55,21.38,0.16,0.04,0.09,0.03,0.0
39,2567,True,303.0,138.0,132.0,33.0,0.0,45.54,43.56,10.89,0.11,0.05,0.05,0.01,0.0
22,2567,True,675.0,395.0,177.0,103.0,9953.0,58.52,26.22,15.26,0.25,0.14,0.06,0.04,0.01
35,2567,True,850.0,526.0,145.0,179.0,2147.0,61.88,17.06,21.06,0.31,0.19,0.05,0.07,0.0
70,2567,True,1596.0,604.0,642.0,350.0,125092.0,37.84,40.23,21.93,0.58,0.22,0.23,0.13,0.13
71,2567,True,370.0,203.0,110.0,57.0,0.0,54.86,29.73,15.41,0.14,0.07,0.04,0.02,0.0
2,2567,True,3177.0,417.0,1636.0,1124.0,20000000.0,13.13,51.5,35.38,1.16,0.15,0.6,0.41,20.0
60,2567,True,181.0,52.0,125.0,4.0,0.0,28.73,69.06,2.21,0.07,0.02,0.05,0.0,0.0
59,2567,True,1007.0,297.0,706.0,4.0,8693.0,29.49,70.11,0.4,0.37,0.11,0.26,0.0,0.01
10,2567,True,621.0,180.0,318.0,123.0,90417.0,28.99,51.21,19.81,0.23,0.07,0.12,0.04,0.09
18,2567,True,534.0,295.0,0.0,239.0,196513.0,55.24,0.0,44.76,0.19,0.11,0.0,0.09,0.2
8,2567,True,198.0,62.0,65.0,71.0,21593.0,31.31,32.83,35.86,0.07,0.02,0.02,0.03,0.02
57,2567,True,878.0,440.0,193.0,245.0,107749.0,50.11,21.98,27.9,,,,,
67,2567,True,1311.0,610.0,0.0,701.0,610632.0,46.53,0.0,53.47,0.48,0.22,0.0,0.26,0.61
21,2567,True,1377.0,935.0,70.0,372.0,452.0,67.9,5.08,27.02,0.5,0.34,0.03,0.14,0.0
51,2567,True,549.0,343.0,176.0,30.0,70000.0,62.48,32.06,5.46,0.2,0.13,0.06,0.01,0.07
31,2567,True,488.0,207.0,147.0,134.0,8248.0,42.42,30.12,27.46,0.18,0.08,0.05,0.05,0.01
27,2567,True,274.0,124.0,65.0,85.0,211006.0,45.26,23.72,31.02,0.1,0.05,0.02,0.03,0.21
26,2567,True,225.0,122.0,40.0,63.0,0.0,54.22,17.78,28.0,0.08,0.04,0.01,0.01,0.0
29,2567,True,1577.0,764.0,413.0,400.0,3682.0,48.45,26.19,25.36,0.58,0.28,0.15,0.15,0.0
41,2567,True,422.0,251.0,78.0,93.0,0.0,59.48,18.48,22.04,0.15,0.09,0.03,0.03,0.0
48,2567,True,210.0,107.0,60.0,43.0,3500.0,50.95,28.57,20.48,0.08,0.04,0.02,0.02,0.0
23,2567,True,1523.0,901.0,348.0,274.0,56288.0,59.16,22.85,17.99,0.56,0.33,0.13,0.1,0.06
6,2567,True,210.0,50.0,130.0,30.0,70000.0,23.81,61.9,14.29,0.08,0.02,0.05,0.01,0.07
45,2567,True,940.0,535.0,260.0,145.0,20000.0,56.91,27.66,15.43,0.34,0.2,0.09,0.05,0.02
38,2567,True,1635.0,562.0,750.0,323.0,450.0,34.37,45.87,19.76,0.6,0.21,0.27,0.12,0.0
61,2567,True,469.0,110.0,245.0,114.0,45284.0,23.45,52.24,24.31,0.17,0.04,0.09,0.04,0.05
54,2567,True,907.0,454.0,172.0,281.0,32000.0,50.06,18.96,30.98,0.33,0.17,0.06,0.1,0.03
30,2567,True,655.0,271.0,1.0,383.0,344883.0,41.37,0.15,58.47,0.24,0.1,0.0,0.14,0.34
42,2567,True,290.0,100.0,121.0,69.0,525.0,34.48,41.72,23.79,0.11,0.04,0.04,0.03,0.0
46,2567,True,214.0,70.0,40.0,104.0,0.0,32.71,18.69,48.6,0.08,0.03,0.01,0.04,0.0
64,2568,True,566.0,173.0,213.0,180.0,52110.0,30.57,37.63,31.8,0.21,0.06,0.08,0.07,0.05
1,2568,True,13254.0,3592.0,9662.0,0.0,0.0,27.1,72.9,0.0,4.84,1.31,3.53,0.0,0.0
56,2568,True,876.0,396.0,76.0,404.0,256547.0,45.21,8.68,46.12,0.32,0.14,0.03,0.15,0.26
34,2568,True,591.0,261.0,112.0,218.0,101790.0,44.16,18.95,36.89,0.22,0.1,0.04,0.08,0.1
49,2568,True,571.0,320.0,120.0,131.0,2400.0,56.04,21.02,22.94,0.21,0.12,0.04,0.05,0.0
28,2568,True,1430.0,530.0,568.0,332.0,53406.0,37.06,39.72,23.22,0.52,0.19,0.21,0.12,0.05
13,2568,True,616.0,150.0,43.0,423.0,1006251.0,24.35,6.98,68.67,0.22,0.05,0.02,0.15,1.01
15,2568,True,710.0,156.0,350.0,204.0,125584.0,21.97,49.3,28.73,0.26,0.06,0.13,0.07,0.13
11,2568,True,3520.0,863.0,2130.0,527.0,877238.0,24.52,60.51,14.97,1.28,0.31,0.78,0.19,0.88
9,2568,True,342.0,183.0,108.0,51.0,36742.0,53.51,31.58,14.91,0.12,0.07,0.04,0.02,0.04
25,2568,True,1019.0,451.0,38.0,530.0,308279.0,44.26,3.73,52.01,0.37,0.16,0.01,0.19,0.31
69,2568,True,512.0,290.0,0.0,222.0,164511.0,56.64,0.0,43.36,0.19,0.11,0.0,0.08,0.16
72,2568,True,655.0,286.0,148.0,221.0,18634.0,43.66,22.6,33.74,0.24,0.1,0.05,0.08,0.02
14,2568,True,214.0,98.0,76.0,40.0,66850.0,45.79,35.51,18.69,0.08,0.04,0.03,0.01,0.07
50,2568,True,664.0,318.0,185.0,161.0,35000.0,47.89,27.86,24.25,0.24,0.12,0.07,0.06,0.04
17,2568,True,242.0,107.0,54.0,81.0,16618.0,44.21,22.31,33.47,0.09,0.04,0.02,0.03,0.02
58,2568,True,1371.0,329.0,736.0,306.0,177503.0,24.0,53.68,22.32,0.5,0.12,0.27,0.11,0.18
36,2568,True,689.0,490.0,3.0,196.0,43836.0,71.12,0.44,28.45,0.25,0.18,0.0,0.07,0.04
19,2568,True,2458.0,1129.0,578.0,751.0,572061.0,45.93,23.52,30.55,0.9,0.41,0.21,0.27,0.57
63,2568,True,1350.0,654.0,32.0,664.0,1877142.0,48.44,2.37,49.19,0.49,0.24,0.01,0.24,1.88
47,2568,True,850.0,402.0,320.0,128.0,750.0,47.29,37.65,15.06,0.31,0.15,0.12,0.05,0.0
3,2568,True,2173.0,473.0,1700.0,0.0,0.0,21.77,78.23,0.0,0.79,0.17,0.62,0.0,0.0
76,2568,True,788.0,450.0,123.0,215.0,39260.0,57.11,15.61,27.28,0.29,0.16,0.04,0.08,0.04
43,2568,True,246.0,164.0,55.0,27.0,217.0,66.67,22.36,10.98,0.09,0.06,0.02,0.01,0.0
77,2568,True,330.0,180.0,87.0,63.0,3292.0,54.55,26.36,19.09,0.12,0.07,0.03,0.02,0.0
20,2568,True,1226.0,582.0,141.0,503.0,11042.0,47.47,11.5,41.03,0.45,0.21,0.05,0.18,0.01
4,2568,True,2148.0,567.0,928.0,653.0,21486.0,26.4,43.2,30.4,0.78,0.21,0.34,0.24,0.02
62,2568,True,590.0,201.0,261.0,128.0,35107.0,34.07,44.24,21.69,0.22,0.07,0.1,0.05,0.04
16,2568,True,493.0,140.0,0.0,353.0,349139.0,28.4,0.0,71.6,0.18,0.05,0.0,0.13,0.35
74,2568,True,700.0,430.0,86.0,183.0,15992.0,61.43,12.29,26.14,0.26,0.16,0.03,0.07,0.02
5,2568,True,1136.0,338.0,113.0,685.0,941455.0,29.75,9.95,60.3,0.41,0.12,0.04,0.25,0.94
44,2568,True,300.0,181.0,0.0,119.0,8119.0,60.33,0.0,39.67,,,,,
65,2568,True,320.0,124.0,53.0,143.0,133618.0,38.75,16.56,44.69,0.12,0.05,0.02,0.05,0.13
73,2568,True,520.0,300.0,0.0,220.0,105077.0,57.69,0.0,42.31,0.19,0.11,0.0,0.08,0.11
53,2568,True,285.0,112.0,80.0,93.0,3750.0,39.3,28.07,32.63,0.1,0.04,0.03,0.03,0.0
52,2568,True,812.0,453.0,248.0,111.0,0.0,55.79,30.54,13.67,0.3,0.17,0.09,0.04,0.0
66,2568,True,1320.0,120.0,1200.0,0.0,0.0,9.09,90.91,0.0,0.48,0.04,0.44,0.0,0.0
32,2568,True,571.0,352.0,109.0,110.0,1464831.0,61.65,19.09,19.26,0.21,0.13,0.04,0.04,1.46
37,2568,True,297.0,179.0,0.0,118.0,292333.0,60.27,0.0,39.73,0.11,0.07,0.0,0.04,0.29
75,2568,True,583.0,343.0,215.0,24.0,0.0,58.83,36.88,4.12,0.21,0.13,0.08,0.01,0.0
24,2568,True,448.0,224.0,73.0,151.0,6390.0,50.0,16.29,33.71,0.16,0.08,0.03,0.06,0.01
68,2568,True,238.0,120.0,0.0,118.0,27427.0,50.42,0.0,49.58,0.09,0.04,0.0,0.04,0.03
12,2568,True,1672.0,573.0,1070.0,29.0,0.0,34.27,64.0,1.73,0.61,0.21,0.39,0.01,0.0
55,2568,True,896.0,254.0,356.0,286.0,104972.0,28.35,39.73,31.92,0.33,0.09,0.13,0.1,0.1
33,2568,True,954.0,605.0,103.0,246.0,62355.0,63.42,10.8,25.79,0.35,0.22,0.04,0.09,0.06
7,2568,True,692.0,170.0,0.0,522.0,256586.0,24.57,0.0,75.43,0.25,0.06,0.0,0.19,0.26
40,2568,True,353.0,68.0,240.0,45.0,2357.0,19.26,67.99,12.75,0.13,0.02,0.09,0.02,0.0
39,2568,True,308.0,136.0,138.0,34.0,0.0,44.16,44.81,11.04,0.11,0.05,0.05,0.01,0.0
22,2568,True,692.0,402.0,172.0,118.0,9988.0,58.09,24.86,17.05,0.25,0.15,0.06,0.04,0.01
35,2568,True,844.0,472.0,155.0,217.0,3588.0,55.92,18.36,25.71,0.31,0.17,0.06,0.08,0.0
70,2568,True,1591.0,694.0,457.0,440.0,169816.0,43.62,28.72,27.66,0.58,0.25,0.17,0.16,0.17
71,2568,True,370.0,220.0,103.0,47.0,0.0,59.46,27.84,12.7,0.14,0.08,0.04,0.02,0.0
2,2568,True,3200.0,456.0,1840.0,904.0,13000000.0,14.25,57.5,28.25,1.17,0.17,0.67,0.33,13.0
60,2568,True,179.0,52.0,124.0,3.0,0.0,29.05,69.27,1.68,0.07,0.02,0.05,0.0,0.0
59,2568,True,1018.0,415.0,603.0,0.0,10680.0,40.77,59.23,0.0,,,,,
10,2568,True,623.0,164.0,334.0,125.0,82823.0,26.32,53.61,20.06,0.23,0.06,0.12,0.05,0.08
18,2568,True,534.0,292.0,6.0,236.0,200800.0,54.68,1.12,44.19,0.19,0.11,0.0,0.09,0.2
8,2568,True,166.0,47.0,80.0,39.0,10878.0,28.31,48.19,23.49,0.06,0.02,0.03,0.01,0.01
57,2568,True,881.0,535.0,232.0,114.0,120008.0,60.73,26.33,12.94,0.32,0.2,0.08,0.04,0.12
67,2568,True,1368.0,587.0,0.0,781.0,796755.0,42.91,0.0,57.09,0.5,0.21,0.0,0.29,0.8
21,2568,True,1215.0,820.0,71.0,324.0,190.0,67.49,5.84,26.67,0.44,0.3,0.03,0.12,0.0
51,2568,True,539.0,330.0,170.0,39.0,113000.0,61.22,31.54,7.24,0.2,0.12,0.06,0.01,0.11
31,2568,True,487.0,205.0,143.0,139.0,7932.0,42.09,29.36,28.54,0.18,0.07,0.05,0.05,0.01
27,2568,True,330.0,156.0,97.0,77.0,208178.0,47.27,29.39,23.33,0.12,0.06,0.04,0.03,0.21
26,2568,True,206.0,112.0,50.0,44.0,60000.0,54.37,24.27,21.36,0.08,0.04,0.02,0.02,0.06
29,2568,True,1580.0,797.0,427.0,356.0,6773.0,50.44,27.03,22.53,0.58,0.29,0.16,0.13,0.01
41,2568,True,419.0,251.0,78.0,90.0,0.0,59.9,18.62,21.48,0.15,0.09,0.03,0.03,0.0
48,2568,True,205.0,120.0,60.0,25.0,0.0,58.54,29.27,12.2,0.07,0.04,0.02,0.01,0.0
23,2568,True,1397.0,802.0,481.0,114.0,56291.0,57.41,34.43,8.16,0.51,0.29,0.18,0.04,0.06
6,2568,True,223.0,62.0,130.0,31.0,63500.0,27.8,58.3,13.9,0.08,0.02,0.05,0.01,0.06
45,2568,True,919.0,450.0,225.0,244.0,20000.0,48.97,24.48,26.55,0.34,0.16,0.08,0.09,0.02
38,2568,True,1523.0,550.0,790.0,183.0,450.0,36.11,51.87,12.02,0.56,0.2,0.29,0.07,0.0
61,2568,True,469.0,110.0,270.0,89.0,31650.0,23.45,57.57,18.98,0.17,0.04,0.1,0.03,0.03
54,2568,True,901.0,409.0,176.0,316.0,26000.0,45.39,19.53,35.07,0.33,0.15,0.06,0.12,0.03
30,2568,True,654.0,320.0,1.0,333.0,408639.0,48.93,0.15,50.92,0.24,0.12,0.0,0.12,0.41
42,2568,True,290.0,80.0,166.0,44.0,145.0,27.59,57.24,15.17,,,,,
46,2568,True,345.0,176.0,35.0,134.0,0.0,51.01,10.14,38.84,0.13,0.06,0.01,0.05,0.0
64,2569,False,,,,,,,,,,,,,
1,2569,False,,,,,,,,,,,,,
56,2569,False,,,,,,,,,,,,,
34,2569,False,,,,,,,,,,,,,
49,2569,False,,,,,,,,,,,,,
28,2569,False,,,,,,,,,,,,,
13,2569,False,,,,,,,,,,,,,
15,2569,False,,,,,,,,,,,,,
11,2569,False,,,,,,,,,,,,,
9,2569,False,,,,,,,,,,,,,
25,2569,False,,,,,,,,,,,,,
69,2569,False,,,,,,,,,,,,,
72,2569,False,,,,,,,,,,,,,
14,2569,False,,,,,,,,,,,,,
50,2569,False,,,,,,,,,,,,,
17,2569,False,,,,,,,,,,,,,
58,2569,False,,,,,,,,,,,,,
36,2569,False,,,,,,,,,,,,,
19,2569,False,,,,,,,,,,,,,
63,2569,False,,,,,,,,,,,,,
47,2569,False,,,,,,,,,,,,,
3,2569,False,,,,,,,,,,,,,
76,2569,False,,,,,,,,,,,,,
43,2569,False,,,,,,,,,,,,,
77,2569,False,,,,,,,,,,,,,
20,2569,False,,,,,,,,,,,,,
4,2569,False,,,,,,,,,,,,,
62,2569,False,,,,,,,,,,,,,
16,2569,False,,,,,,,,,,,,,
74,2569,False,,,,,,,,,,,,,
5,2569,False,,,,,,,,,,,,,
44,2569,False,,,,,,,,,,,,,
65,2569,False,,,,,,,,,,,,,
73,2569,False,,,,,,,,,,,,,
53,2569,False,,,,,,,,,,,,,
52,2569,False,,,,,,,,,,,,,
66,2569,False,,,,,,,,,,,,,
32,2569,False,,,,,,,,,,,,,
37,2569,False,,,,,,,,,,,,,
75,2569,False,,,,,,,,,,,,,
24,2569,False,,,,,,,,,,,,,
68,2569,False,,,,,,,,,,,,,
12,2569,False,,,,,,,,,,,,,
55,2569,False,,,,,,,,,,,,,
33,2569,False,,,,,,,,,,,,,
7,2569,False,,,,,,,,,,,,,
40,2569,False,,,,,,,,,,,,,
39,2569,False,,,,,,,,,,,,,
22,2569,False,,,,,,,,,,,,,
35,2569,False,,,,,,,,,,,,,
70,2569,False,,,,,,,,,,,,,
71,2569,False,,,,,,,,,,,,,
2,2569,False,,,,,,,,,,,,,
60,2569,False,,,,,,,,,,,,,
59,2569,False,,,,,,,,,,,,,
10,2569,False,,,,,,,,,,,,,
18,2569,False,,,,,,,,,,,,,
8,2569,False,,,,,,,,,,,,,
57,2569,False,,,,,,,,,,,,,
67,2569,False,,,,,,,,,,,,,
21,2569,False,,,,,,,,,,,,,
51,2569,False,,,,,,,,,,,,,
31,2569,False,,,,,,,,,,,,,
27,2569,False,,,,,,,,,,,,,
26,2569,False,,,,,,,,,,,,,
29,2569,False,,,,,,,,,,,,,
41,2569,False,,,,,,,,,,,,,
48,2569,False,,,,,,,,,,,,,
23,2569,False,,,,,,,,,,,,,
6,2569,False,,,,,,,,,,,,,
45,2569,False,,,,,,,,,,,,,
38,2569,False,,,,,,,,,,,,,
61,2569,False,,,,,,,,,,,,,
54,2569,False,,,,,,,,,,,,,
30,2569,False,,,,,,,,,,,,,
42,2569,False,,,,,,,,,,,,,
46,2569,False,,,,,,,,,,,,,
64,2570,False,,,,,,,,,,,,,
1,2570,False,,,,,,,,,,,,,
56,2570,False,,,,,,,,,,,,,
34,2570,False,,,,,,,,,,,,,
49,2570,False,,,,,,,,,,,,,
28,2570,False,,,,,,,,,,,,,
13,2570,False,,,,,,,,,,,,,
15,2570,False,,,,,,,,,,,,,
11,2570,False,,,,,,,,,,,,,
9,2570,False,,,,,,,,,,,,,
25,2570,False,,,,,,,,,,,,,
69,2570,False,,,,,,,,,,,,,
72,2570,False,,,,,,,,,,,,,
14,2570,False,,,,,,,,,,,,,
50,2570,False,,,,,,,,,,,,,
17,2570,False,,,,,,,,,,,,,
58,2570,False,,,,,,,,,,,,,
36,2570,False,,,,,,,,,,,,,
19,2570,False,,,,,,,,,,,,,
63,2570,False,,,,,,,,,,,,,
47,2570,False,,,,,,,,,,,,,
3,2570,False,,,,,,,,,,,,,
76,2570,False,,,,,,,,,,,,,
43,2570,False,,,,,,,,,,,,,
77,2570,False,,,,,,,,,,,,,
20,2570,False,,,,,,,,,,,,,
4,2570,False,,,,,,,,,,,,,
62,2570,False,,,,,,,,,,,,,
16,2570,False,,,,,,,,,,,,,
74,2570,False,,,,,,,,,,,,,
5,2570,False,,,,,,,,,,,,,
44,2570,False,,,,,,,,,,,,,
65,2570,False,,,,,,,,,,,,,
73,2570,False,,,,,,,,,,,,,
53,2570,False,,,,,,,,,,,,,
52,2570,False,,,,,,,,,,,,,
66,2570,False,,,,,,,,,,,,,
32,2570,False,,,,,,,,,,,,,
37,2570,False,,,,,,,,,,,,,
75,2570,False,,,,,,,,,,,,,
24,2570,False,,,,,,,,,,,,,
68,2570,False,,,,,,,,,,,,,
12,2570,False,,,,,,,,,,,,,
55,2570,False,,,,,,,,,,,,,
33,2570,False,,,,,,,,,,,,,
7,2570,False,,,,,,,,,,,,,
40,2570,False,,,,,,,,,,,,,
39,2570,False,,,,,,,,,,,,,
22,2570,False,,,,,,,,,,,,,
35,2570,False,,,,,,,,,,,,,
70,2570,False,,,,,,,,,,,,,
71,2570,False,,,,,,,,,,,,,
2,2570,False,,,,,,,,,,,,,
60,2570,False,,,,,,,,,,,,,
59,2570,False,,,,,,,,,,,,,
10,2570,False,,,,,,,,,,,,,
18,2570,False,,,,,,,,,,,,,
8,2570,False,,,,,,,,,,,,,
57,2570,False,,,,,,,,,,,,,
67,2570,False,,,,,,,,,,,,,
21,2570,False,,,,,,,,,,,,,
51,2570,False,,,,,,,,,,,,,
31,2570,False,,,,,,,,,,,,,
27,2570,False,,,,,,,,,,,,,
26,2570,False,,,,,,,,,,,,,
29,2570,False,,,,,,,,,,,,,
41,2570,False,,,,,,,,,,,,,
48,2570,False,,,,,,,,,,,,,
23,2570,False,,,,,,,,,,,,,
6,2570,False,,,,,,,,,,,,,
45,2570,False,,,,,,,,,,,,,
38,2570,False,,,,,,,,,,,,,
61,2570,False,,,,,,,,,,,,,
54,2570,False,,,,,,,,,,,,,
30,2570,False,,,,,,,,,,,,,
42,2570,False,,,,,,,,,,,,,
46,2570,False,,,,,,,,,,,,,
