year_be,province_name,metric_name,value_country_page,value_province_page
2556,นราธิวาส,ขยะมูลฝอยที่ถูกนำกลับมาใช้ประโยชน์ (ตัน/วัน),255.04,225.04
2556,อุตรดิตถ์,ขยะมูลฝอยที่ถูกกำจัดไม่ถูกต้อง (ตัน/วัน),259.19,259.13
2556,เพชรบุรี,ขยะมูลฝอยที่ถูกกำจัดถูกต้อง (ตัน/วัน),30.72,30.82
2557,กำแพงเพชร,ขยะมูลฝอยตกค้าง (ตัน),10940.0,10940.25
2557,ตาก,ขยะมูลฝอยที่เกิดขึ้น (ตัน/วัน),672.0,678.0
2557,นครปฐม,ขยะมูลฝอยตกค้าง (ตัน),353105.0,355105.0
2557,อุดรธานี,ขยะมูลฝอยที่ถูกกำจัดไม่ถูกต้อง (ตัน/วัน),632.0,362.0
2558,สมุทรสงคราม,ขยะมูลฝอยที่ถูกกำจัดไม่ถูกต้อง (ตัน/วัน),160.0,161.0
2558,สุรินทร์,ขยะมูลฝอยตกค้าง (ตัน),10805.3,40805.3
2559,ตราด,ขยะมูลฝอยที่ถูกนำกลับมาใช้ประโยชน์ (ตัน/วัน),61.96,61.69
2559,นครนายก,ขยะมูลฝอยที่ถูกนำกลับมาใช้ประโยชน์ (ตัน/วัน),36.62,36.63
2559,นครสวรรค์,ขยะมูลฝอยที่ถูกนำกลับมาใช้ประโยชน์ (ตัน/วัน),227.63,277.63
2559,สมุทรสงคราม,ขยะมูลฝอยที่ถูกกำจัดไม่ถูกต้อง (ตัน/วัน),147.07,148.07
2559,อุดรธานี,ขยะมูลฝอยที่ถูกนำกลับมาใช้ประโยชน์ (ตัน/วัน),726.76,762.76
2560,ขอนแก่น,ขยะมูลฝอยตกค้าง (ตัน),147745.0,172745.0
2561,กระบี่,ขยะมูลฝอยตกค้าง (ตัน),60261.18,60241.18
2561,ตรัง,ขยะมูลฝอยที่ถูกนำกลับมาใช้ประโยชน์ (ตัน/วัน),355.5,335.5
2561,ตรัง,ขยะมูลฝอยที่ถูกกำจัดไม่ถูกต้อง (ตัน/วัน),247.99,247.88
2561,นครราชสีมา,ขยะมูลฝอยที่ถูกกำจัดถูกต้อง (ตัน/วัน),577.94,557.94
2561,มุกดาหาร,ขยะมูลฝอยที่ถูกนำกลับมาใช้ประโยชน์ (ตัน/วัน),233.08,223.08
2561,ยโสธร,ขยะมูลฝอยที่ถูกนำกลับมาใช้ประโยชน์ (ตัน/วัน),355.73,355.43
2561,ลำพูน,ขยะมูลฝอยที่ถูกนำกลับมาใช้ประโยชน์ (ตัน/วัน),101.69,101.68
2561,อุตรดิตถ์,ขยะมูลฝอยตกค้าง (ตัน),3728.25,3428.25
2561,เพชรบูรณ์,ขยะมูลฝอยที่ถูกกำจัดไม่ถูกต้อง (ตัน/วัน),386.59,386.83
2561,แม่ฮ่องสอน,ขยะมูลฝอยที่ถูกกำจัดถูกต้อง (ตัน/วัน),16.4,30.0
2562,กาญจนบุรี,ขยะมูลฝอยที่ถูกกำจัดถูกต้อง (ตัน/วัน),106.86,160.86
2562,ฉะเชิงเทรา,ขยะมูลฝอยที่ถูกกำจัดไม่ถูกต้อง (ตัน/วัน),589.68,598.68
2562,นครนายก,ขยะมูลฝอยที่เกิดขึ้น (ตัน/วัน),294.07,2940.7
2562,นครสวรรค์,ขยะมูลฝอยที่ถูกกำจัดถูกต้อง (ตัน/วัน),378.52,378.53
2562,นราธิวาส,ขยะมูลฝอยที่ถูกกำจัดถูกต้อง (ตัน/วัน),95.92,95.93
2562,ปัตตานี,ขยะมูลฝอยที่ถูกกำจัดถูกต้อง (ตัน/วัน),75.6,75.0
2562,สกลนคร,ขยะมูลฝอยที่เกิดขึ้น (ตัน/วัน),1131.59,1131.85
2563,กรุงเทพมหานคร,ขยะมูลฝอยที่ถูกนำกลับมาใช้ประโยชน์ (ตัน/วัน),3672.5,3675.5
2563,กาฬสินธุ์,ขยะมูลฝอยตกค้าง (ตัน),27533.0,27577.0
2563,นครสวรรค์,ขยะมูลฝอยที่ถูกกำจัดไม่ถูกต้อง (ตัน/วัน),98.0,89.0
2563,ประจวบคีรีขันธ์,ขยะมูลฝอยที่ถูกกำจัดไม่ถูกต้อง (ตัน/วัน),141.6,141.0
2563,พะเยา,ขยะมูลฝอยที่ถูกกำจัดไม่ถูกต้อง (ตัน/วัน),142.2,142.0
2563,สระบุรี,ขยะมูลฝอยที่ถูกกำจัดไม่ถูกต้อง (ตัน/วัน),223.05,223.0
2563,อ่างทอง,ขยะมูลฝอยที่ถูกนำกลับมาใช้ประโยชน์ (ตัน/วัน),245.0,345.0
2563,เชียงใหม่,ขยะมูลฝอยที่ถูกนำกลับมาใช้ประโยชน์ (ตัน/วัน),309.1,309.19
2564,ชลบุรี,ขยะมูลฝอยตกค้าง (ตัน),824618.0,774618.0
2564,นครพนม,ขยะมูลฝอยตกค้าง (ตัน),4504.0,4505.0
2564,นครราชสีมา,ขยะมูลฝอยตกค้าง (ตัน),146558.0,146560.0
2564,นครศรีธรรมราช,ขยะมูลฝอยตกค้าง (ตัน),1248620.0,1248619.0
2564,น่าน,ขยะมูลฝอยตกค้าง (ตัน),10603.0,10560.0
2564,ประจวบคีรีขันธ์,ขยะมูลฝอยตกค้าง (ตัน),7604.0,7603.0
2564,ภูเก็ต,ขยะมูลฝอยที่ถูกกำจัดถูกต้อง (ตัน/วัน),612.0,61.0
2564,มหาสารคาม,ขยะมูลฝอยตกค้าง (ตัน),91111.0,91110.0
2564,ร้อยเอ็ด,ขยะมูลฝอยที่เกิดขึ้น (ตัน/วัน),938.0,93.0
2564,ร้อยเอ็ด,ขยะมูลฝอยตกค้าง (ตัน),1139.0,1140.0
2564,ลพบุรี,ขยะมูลฝอยตกค้าง (ตัน),240899.0,240897.0
2564,ลำปาง,ขยะมูลฝอยตกค้าง (ตัน),11128.0,11121.0
2564,ลำพูน,ขยะมูลฝอยตกค้าง (ตัน),0.0,14.0
2564,สกลนคร,ขยะมูลฝอยตกค้าง (ตัน),4838.0,4834.0
2564,สระแก้ว,ขยะมูลฝอยตกค้าง (ตัน),117178.0,117177.0
2564,สุราษฎร์ธานี,ขยะมูลฝอยตกค้าง (ตัน),587826.0,587825.0
2564,สุรินทร์,ขยะมูลฝอยตกค้าง (ตัน),1737.0,1736.0
2564,หนองคาย,ขยะมูลฝอยตกค้าง (ตัน),6708.0,6707.0
2564,เลย,ขยะมูลฝอยตกค้าง (ตัน),209913.0,209911.0
2564,แพร่,ขยะมูลฝอยตกค้าง (ตัน),9005.0,4451.0
2565,บึงกาฬ,ขยะมูลฝอยตกค้าง (ตัน),0.0,13680.0
2565,สมุทรสาคร,ขยะมูลฝอยตกค้าง (ตัน),15020.0,0.0
2568,กระบี่,ขยะมูลฝอยตกค้าง (ตัน),52110.0,52110.13
2568,กาญจนบุรี,ขยะมูลฝอยตกค้าง (ตัน),256547.0,256547.63
2568,จันทบุรี,ขยะมูลฝอยตกค้าง (ตัน),1006251.0,1006251.17
2568,ฉะเชิงเทรา,ขยะมูลฝอยตกค้าง (ตัน),125584.0,125584.08
2568,ชัยนาท,ขยะมูลฝอยตกค้าง (ตัน),36742.0,36742.1
2568,ชุมพร,ขยะมูลฝอยตกค้าง (ตัน),164511.0,164511.05
2568,นครพนม,ขยะมูลฝอยตกค้าง (ตัน),43836.0,43836.9
2568,นครศรีธรรมราช,ขยะมูลฝอยตกค้าง (ตัน),1877142.0,1877142.2
2568,นราธิวาส,ขยะมูลฝอยตกค้าง (ตัน),39260.0,39260.19
2568,น่าน,ขยะมูลฝอยตกค้าง (ตัน),217.0,217.29
2568,บึงกาฬ,ขยะมูลฝอยตกค้าง (ตัน),3292.0,3292.37
2568,ปราจีนบุรี,ขยะมูลฝอยตกค้าง (ตัน),349139.0,349139.84
2568,ปัตตานี,ขยะมูลฝอยที่ถูกกำจัดถูกต้อง (ตัน/วัน),86.0,86.5
2568,ปัตตานี,ขยะมูลฝอยที่ถูกกำจัดไม่ถูกต้อง (ตัน/วัน),183.0,183.5
2568,ปัตตานี,ขยะมูลฝอยตกค้าง (ตัน),15992.0,15992.32
2568,พระนครศรีอยุธยา,ขยะมูลฝอยตกค้าง (ตัน),941455.0,941455.56
2568,พัทลุง,ขยะมูลฝอยตกค้าง (ตัน),105077.0,105077.17
2568,ยะลา,ขยะมูลฝอยที่ถูกกำจัดถูกต้อง (ตัน/วัน),215.0,215.5
2568,ยะลา,ขยะมูลฝอยที่ถูกกำจัดไม่ถูกต้อง (ตัน/วัน),24.0,24.5
2568,ลพบุรี,ขยะมูลฝอยตกค้าง (ตัน),256586.0,256586.14
2568,ลำปาง,ขยะมูลฝอยตกค้าง (ตัน),2357.0,2357.74
2568,สกลนคร,ขยะมูลฝอยตกค้าง (ตัน),3588.0,3588.15
2568,สงขลา,ขยะมูลฝอยตกค้าง (ตัน),169816.0,169816.5
2568,สุพรรณบุรี,ขยะมูลฝอยตกค้าง (ตัน),120008.0,120008.5
2568,สุราษฎร์ธานี,ขยะมูลฝอยตกค้าง (ตัน),796755.0,796755.54
2568,หนองคาย,ขยะมูลฝอยตกค้าง (ตัน),7932.0,7932.85
2568,หนองบัวลำภู,ขยะมูลฝอยตกค้าง (ตัน),208178.0,208178.5
2568,อุดรธานี,ขยะมูลฝอยตกค้าง (ตัน),6773.0,6773.75
2568,อุบลราชธานี,ขยะมูลฝอยตกค้าง (ตัน),56291.0,56291.3
2568,เพชรบุรี,ขยะมูลฝอยตกค้าง (ตัน),31650.0,31650.5
2568,เลย,ขยะมูลฝอยตกค้าง (ตัน),408639.0,408639.77
